{
  "uuid": "16a12f70-d685-4de5-845d-be0b4cee6e7a",
  "starterPrompted": true,
  "starterLocked": false,
  "starterSelected": true,
  "starterUUID": "5fdae061-63f3-4d9a-9480-06c051f2ac7c",
  "keyItems": [],
  "battleTheme": "cobblemon:battle.pvp.default",
  "extraData": {},
  "advancementData": {
    "totalCaptureCount": 4,
    "totalEggsHatched": 0,
    "totalEvolvedCount": 0,
    "totalBattleVictoryCount": 8,
    "totalPvPBattleVictoryCount": 0,
    "totalPvWBattleVictoryCount": 8,
    "totalPvNBattleVictoryCount": 0,
    "totalShinyCaptureCount": 0,
    "totalTradedCount": 0,
    "totalTypeCaptureCounts": {
      "grass": 1,
      "poison": 1,
      "ground": 1,
      "fighting": 1,
      "water": 1,
      "psychic": 1
    },
    "totalDefeatedCounts": {
      "cobblemon:spearow": 2,
      "cobblemon:woobat": 1,
      "cobblemon:patrat": 1
    },
    "aspectsCollected": {}
  }
}