{
  "uuid": "16a12f70-d685-4de5-845d-be0b4cee6e7a",
  "starterPrompted": true,
  "starterLocked": false,
  "starterSelected": true,
  "starterUUID": "5fdae061-63f3-4d9a-9480-06c051f2ac7c",
  "keyItems": [],
  "battleTheme": "cobblemon:battle.pvp.default",
  "extraData": {},
  "advancementData": {
    "totalCaptureCount": 28,
    "totalEggsHatched": 0,
    "totalEvolvedCount": 4,
    "totalBattleVictoryCount": 54,
    "totalPvPBattleVictoryCount": 0,
    "totalPvWBattleVictoryCount": 54,
    "totalPvNBattleVictoryCount": 0,
    "totalShinyCaptureCount": 0,
    "totalTradedCount": 0,
    "totalTypeCaptureCounts": {
      "grass": 2,
      "poison": 3,
      "ground": 5,
      "fighting": 2,
      "water": 4,
      "psychic": 3,
      "steel": 2,
      "dark": 2,
      "fire": 4,
      "ice": 1,
      "fairy": 5,
      "flying": 3,
      "normal": 3,
      "electric": 1,
      "ghost": 1
    },
    "totalDefeatedCounts": {
      "cobblemon:spearow": 2,
      "cobblemon:woobat": 2,
      "cobblemon:patrat": 1,
      "cobblemon:gimmighoul": 1,
      "cobblemon:cacturne": 3,
      "cobblemon:mudbray": 1,
      "cobblemon:drowzee": 2,
      "cobblemon:sandshrew": 1,
      "cobblemon:nidoranm": 1,
      "cobblemon:growlithe": 1,
      "cobblemon:mrmime": 1,
      "cobblemon:voltorb": 1,
      "cobblemon:hippopotas": 2,
      "cobblemon:elgyem": 1,
      "cobblemon:trapinch": 2,
      "cobblemon:muk": 1,
      "cobblemon:dachsbun": 1,
      "cobblemon:cubone": 1,
      "cobblemon:arbok": 1,
      "cobblemon:gastly": 2,
      "cobblemon:elekid": 1
    },
    "aspectsCollected": {}
  }
}