{
  "uuid": "ab53f281-ca9d-4501-a4cb-db0ff8a60093",
  "starterPrompted": true,
  "starterLocked": false,
  "starterSelected": true,
  "starterUUID": "76913697-06b0-47bf-b95e-a687fc1ecc89",
  "keyItems": [],
  "battleTheme": "cobblemon:battle.pvp.default",
  "extraData": {},
  "advancementData": {
    "totalCaptureCount": 9,
    "totalEggsHatched": 0,
    "totalEvolvedCount": 3,
    "totalBattleVictoryCount": 15,
    "totalPvPBattleVictoryCount": 0,
    "totalPvWBattleVictoryCount": 15,
    "totalPvNBattleVictoryCount": 0,
    "totalShinyCaptureCount": 0,
    "totalTradedCount": 0,
    "totalTypeCaptureCounts": {
      "normal": 2,
      "flying": 3,
      "electric": 2,
      "water": 1,
      "ice": 1,
      "ghost": 1,
      "poison": 1,
      "ground": 1,
      "rock": 1,
      "fire": 2
    },
    "totalDefeatedCounts": {
      "cobblemon:maractus": 1,
      "cobblemon:doduo": 1,
      "cobblemon:rhydon": 1,
      "cobblemon:teddiursa": 1,
      "cobblemon:tropius": 1,
      "cobblemon:skarmory": 1,
      "cobblemon:ekans": 1,
      "cobblemon:sandshrew": 1,
      "cobblemon:fidough": 1
    },
    "aspectsCollected": {}
  }
}