{
  "uuid": "5c39c857-17c7-4184-acc1-69e657b4c497",
  "starterPrompted": true,
  "starterLocked": false,
  "starterSelected": true,
  "starterUUID": "aa443718-5efd-4e03-ad1c-a66de946d0ff",
  "keyItems": [],
  "battleTheme": "cobblemon:battle.pvp.default",
  "extraData": {},
  "advancementData": {
    "totalCaptureCount": 6,
    "totalEggsHatched": 0,
    "totalEvolvedCount": 1,
    "totalBattleVictoryCount": 12,
    "totalPvPBattleVictoryCount": 0,
    "totalPvWBattleVictoryCount": 12,
    "totalPvNBattleVictoryCount": 0,
    "totalShinyCaptureCount": 0,
    "totalTradedCount": 0,
    "totalTypeCaptureCounts": {
      "water": 3,
      "ice": 1,
      "fighting": 1,
      "poison": 1,
      "fairy": 1
    },
    "totalDefeatedCounts": {
      "cobblemon:patrat": 1,
      "cobblemon:hippopotas": 1,
      "cobblemon:sandshrew": 5,
      "cobblemon:trapinch": 1
    },
    "aspectsCollected": {}
  }
}