{"stats":{"minecraft:killed":{"minecraft:spider":11,"minecraft:skeleton":5,"minecraft:husk":8,"minecraft:pig":3,"cobblemon:pokemon":1,"minecraft:creeper":1,"minecraft:sheep":10,"minecraft:zombie":4,"minecraft:cow":10},"minecraft:custom":{"minecraft:mob_kills":58,"minecraft:interact_with_crafting_table":42,"minecraft:open_barrel":4,"minecraft:leave_game":12,"minecraft:time_since_death":95951,"minecraft:climb_one_cm":9282,"minecraft:sprint_one_cm":426871,"minecraft:walk_one_cm":601709,"minecraft:damage_blocked_by_shield":730,"minecraft:drop":72,"minecraft:talked_to_villager":2,"minecraft:play_time":241572,"minecraft:deaths":2,"minecraft:sneak_time":13420,"minecraft:walk_under_water_one_cm":22011,"minecraft:boat_one_cm":854573,"minecraft:jump":4908,"minecraft:walk_on_water_one_cm":48696,"minecraft:total_world_time":241572,"minecraft:interact_with_furnace":61,"minecraft:sleep_in_bed":4,"minecraft:time_since_rest":27115,"minecraft:damage_taken":2967,"minecraft:damage_dealt":8694,"minecraft:swim_one_cm":58999,"minecraft:fly_one_cm":821966,"minecraft:open_chest":16,"minecraft:crouch_one_cm":33008,"minecraft:fall_one_cm":116013},"minecraft:mined":{"minecraft:yellow_terracotta":1,"minecraft:tuff":6,"minecraft:deepslate_diamond_ore":6,"cobblemon:apricorn_log":5,"minecraft:brewing_stand":1,"minecraft:cave_vines_plant":2,"minecraft:ladder":5,"minecraft:granite":65,"minecraft:acacia_log":25,"minecraft:grass_block":12,"minecraft:decorated_pot":1,"minecraft:moss_block":44,"megamons:crystal_dusk_stone_ore":2,"minecraft:sandstone":52,"minecraft:hay_block":12,"minecraft:magma_block":1,"minecraft:oak_trapdoor":1,"minecraft:furnace":10,"minecraft:red_sandstone":1,"minecraft:iron_ore":45,"minecraft:cobbled_deepslate":4,"minecraft:orange_stained_glass_pane":1,"minecraft:andesite":49,"cobblemon:medicinal_leek":28,"minecraft:gold_block":1,"minecraft:smooth_red_sandstone":1,"cobblemon:red_apricorn":1,"minecraft:cave_vines":6,"minecraft:vine":4,"cobblemon:terracotta_sun_stone_ore":1,"minecraft:stone":372,"cobblemon:water_stone_ore":1,"megamons:crystal_leaf_stone_ore":2,"megamons:anistarite_rough_geode_block":6,"minecraft:acacia_leaves":1,"minecraft:glass_pane":1,"megamons:anistarite_geode_block":27,"minecraft:torch":3,"minecraft:crafting_table":7,"cobblemon:apricorn_planks":1,"minecraft:clay":18,"cobblemon:apricorn_leaves":12,"minecraft:melon":13,"minecraft:chest":1,"minecraft:dead_bush":1,"minecraft:copper_ore":16,"cobblemon:pinap_berry":2,"minecraft:tall_grass":3,"minecraft:deepslate_gold_ore":3,"megamons:crystal_moon_stone_ore":2,"minecraft:lapis_ore":6,"minecraft:oak_planks":1,"minecraft:sugar_cane":6,"minecraft:diorite":32,"minecraft:wall_torch":5,"minecraft:seagrass":1,"minecraft:wheat":1,"minecraft:grass":76,"minecraft:oak_log":14,"minecraft:coal_ore":14,"megamons:crystal_sun_stone_ore":1,"minecraft:gravel":5,"minecraft:sand":19,"minecraft:dirt":11,"minecraft:terracotta":6,"minecraft:gold_ore":2,"minecraft:netherrack":8,"minecraft:oak_leaves":14,"minecraft:deepslate":79},"minecraft:picked_up":{"minecraft:wooden_axe":1,"cobblemon:leaf_stone":2,"minecraft:crafting_table":7,"minecraft:iron_chestplate":1,"minecraft:chicken":2,"minecraft:ladder":5,"cobblemon:yellow_apricorn":3,"cobblemon:red_apricorn":16,"cobblemon:sport_ball":1,"cobblemon:charti_berry":1,"minecraft:gold_block":1,"minecraft:brewing_stand":1,"minecraft:raw_copper":222,"minecraft:oak_trapdoor":1,"minecraft:string":7,"cobblemon:white_apricorn":4,"minecraft:gold_nugget":6,"minecraft:cobbled_deepslate":66,"minecraft:beef":24,"cobblemon:oran_berry":14,"minecraft:oak_boat":4,"cobblemon:dusk_stone":2,"minecraft:chest":2,"minecraft:melon_slice":84,"minecraft:sugar_cane":11,"minecraft:furnace":10,"minecraft:raw_iron":101,"minecraft:stick":5,"minecraft:sandstone":18,"cobblemon:apricorn_log":5,"minecraft:copper_ingot":2,"minecraft:torch":14,"minecraft:acacia_log":24,"minecraft:porkchop":6,"minecraft:diorite":3,"minecraft:golden_chestplate":1,"minecraft:rotten_flesh":12,"minecraft:hay_block":12,"minecraft:yellow_terracotta":1,"minecraft:cod":1,"minecraft:mutton":18,"cobblemon:blue_apricorn":3,"minecraft:white_wool":7,"minecraft:cobblestone":184,"minecraft:feather":2,"minecraft:clock":1,"minecraft:cooked_beef":1,"minecraft:salmon":2,"minecraft:andesite":26,"minecraft:leather":13,"cobblemon:roseate_ball":9,"minecraft:tuff":4,"minecraft:oak_log":14,"minecraft:acacia_boat":3,"megamons:anistarite_geode_block":27,"minecraft:lapis_lazuli":79,"minecraft:dirt":49,"minecraft:acacia_planks":21,"minecraft:apple":1,"cobblemon:black_apricorn":16,"minecraft:bow":1,"minecraft:red_sandstone":2,"minecraft:wheat_seeds":33,"minecraft:raw_gold":5,"minecraft:iron_ingot":13,"minecraft:tall_grass":4,"cobblemon:moon_stone":2,"minecraft:oak_planks":101,"minecraft:moss_block":4,"minecraft:acacia_sapling":4,"cobblemon:apricorn_planks":1,"cobblemon:chilan_berry":16,"cobblemon:sun_stone":2,"cobblemon:red_apricorn_seed":1,"cobblemon:rare_candy":1,"patchouli:guide_book":2,"cobblemon:black_apricorn_seed":2,"cobblemon:blue_apricorn_seed":1,"minecraft:sand":12,"minecraft:amethyst_shard":1,"cobblemon:pink_apricorn":13,"minecraft:spider_eye":3,"megamons:anistarite_rough_geode_block":6,"minecraft:diamond":6,"cobblemon:poke_ball":2,"minecraft:stone_axe":1,"minecraft:granite":52,"minecraft:gray_wool":2,"cobblemon:water_stone":1,"minecraft:terracotta":7,"cobblemon:medicinal_leek":36,"minecraft:oak_sapling":3,"minecraft:black_wool":1,"minecraft:netherrack":16,"minecraft:coal":39},"minecraft:used":{"minecraft:moss_block":1,"minecraft:oak_trapdoor":1,"megamons:anistarite_rough_geode_block":6,"minecraft:ladder":5,"minecraft:chest":1,"minecraft:shield":18,"minecraft:rotten_flesh":1,"minecraft:torch":23,"minecraft:dirt":3,"minecraft:mutton":2,"minecraft:acacia_sapling":2,"minecraft:tuff":4,"minecraft:wooden_axe":33,"minecraft:iron_axe":145,"cobblemon:apricorn_planks":6,"minecraft:iron_boots":1,"cobblemon:pc":1,"minecraft:beef":15,"minecraft:tall_grass":2,"minecraft:furnace":11,"minecraft:oak_sapling":1,"minecraft:cooked_beef":5,"minecraft:acacia_planks":26,"minecraft:cobbled_deepslate":60,"minecraft:cooked_mutton":11,"minecraft:acacia_boat":4,"minecraft:diorite":2,"minecraft:stone_pickaxe":177,"minecraft:oak_planks":22,"minecraft:wooden_pickaxe":14,"minecraft:sandstone":12,"minecraft:salmon":2,"minecraft:white_wool":7,"minecraft:sand":3,"minecraft:terracotta":7,"minecraft:crafting_table":14,"cobblemon:white_apricorn_seed":2,"cobblemon:black_apricorn_seed":4,"megamons:anistarite_geode_block":27,"minecraft:cod":1,"minecraft:red_sandstone":2,"minecraft:diamond_pickaxe":516,"minecraft:apple":1,"minecraft:bread":5,"minecraft:chicken":2,"minecraft:melon_slice":53,"minecraft:iron_pickaxe":248,"minecraft:stone_axe":103,"cobblemon:red_apricorn_seed":1,"minecraft:cobblestone":46,"minecraft:porkchop":4,"cobblemon:medicinal_leek":29,"minecraft:cooked_porkchop":1,"minecraft:andesite":8,"minecraft:oak_boat":3,"cobblemon:blue_apricorn_seed":2},"minecraft:killed_by":{"minecraft:skeleton":2},"minecraft:dropped":{"minecraft:porkchop":1,"minecraft:moss_block":3,"minecraft:wheat_seeds":8,"minecraft:clock":2,"minecraft:crafting_table":1,"minecraft:yellow_terracotta":1,"minecraft:feather":1,"minecraft:cobblestone":63,"cobblemon:chilan_berry":16,"cobblemon:oran_berry":9,"minecraft:stick":2,"minecraft:dirt":28,"cobblemon:medicinal_leek":4,"minecraft:gray_wool":2,"minecraft:diorite":1,"minecraft:torch":4,"cobblemon:poke_ball":3,"minecraft:melon_slice":10,"cobblemon:sport_ball":1,"minecraft:gold_nugget":3,"minecraft:amethyst_shard":1,"minecraft:string":1,"minecraft:acacia_planks":4,"minecraft:stone_axe":1,"cobblemon:rare_candy":1,"minecraft:golden_chestplate":2,"minecraft:cobbled_deepslate":6,"minecraft:raw_copper":54,"minecraft:obsidian":1,"minecraft:raw_iron":10,"minecraft:rotten_flesh":11,"cobblemon:quick_ball":2,"cobblemon:black_apricorn":3,"minecraft:iron_chestplate":1,"minecraft:andesite":2,"minecraft:chest":2,"minecraft:oak_boat":1,"minecraft:oak_sapling":1,"minecraft:sandstone":6,"minecraft:wooden_pickaxe":2,"minecraft:stone_pickaxe":1,"minecraft:netherrack":16,"minecraft:black_wool":1,"minecraft:iron_ingot":3},"minecraft:broken":{"minecraft:stone_pickaxe":1,"minecraft:iron_axe":1,"minecraft:stone_axe":1,"minecraft:iron_pickaxe":1,"minecraft:wooden_axe":1},"minecraft:crafted":{"cobblemon:exp_share":1,"minecraft:smooth_stone":2,"minecraft:oak_planks":56,"cobblemon:slate_ball":4,"cobblemon:apricorn_planks":20,"minecraft:furnace":1,"minecraft:stone":7,"minecraft:cooked_mutton":11,"minecraft:glass":1,"minecraft:iron_boots":1,"minecraft:iron_axe":1,"minecraft:stone_pickaxe":2,"minecraft:chest":2,"minecraft:wheat":108,"minecraft:cooked_beef":4,"minecraft:wooden_shovel":1,"minecraft:cooked_porkchop":1,"minecraft:crafting_table":10,"minecraft:wooden_pickaxe":2,"minecraft:iron_helmet":1,"cobblemon:pc":1,"minecraft:copper_ingot":19,"cobblemon:roseate_ball":8,"minecraft:stone_axe":1,"minecraft:acacia_boat":1,"minecraft:bread":35,"minecraft:air":0,"cobblemon:poke_ball":12,"cobblemon:quick_ball":4,"minecraft:iron_chestplate":1,"minecraft:diamond_pickaxe":1,"minecraft:shield":1,"minecraft:stick":28,"minecraft:iron_ingot":33,"minecraft:iron_pickaxe":1,"minecraft:gold_ingot":11,"minecraft:acacia_planks":96,"minecraft:torch":16,"cobblemon:sport_ball":4}},"DataVersion":3465}