{"stats":{"minecraft:killed":{"minecraft:spider":3,"minecraft:skeleton":1,"minecraft:pig":3,"cobblemon:pokemon":1,"minecraft:creeper":1,"minecraft:sheep":10,"minecraft:zombie":4,"minecraft:cow":6},"minecraft:custom":{"minecraft:mob_kills":31,"minecraft:interact_with_crafting_table":25,"minecraft:open_barrel":4,"minecraft:leave_game":9,"minecraft:time_since_death":109045,"minecraft:climb_one_cm":1401,"minecraft:sprint_one_cm":227893,"minecraft:walk_one_cm":293295,"minecraft:damage_blocked_by_shield":125,"minecraft:drop":50,"minecraft:play_time":120887,"minecraft:deaths":1,"minecraft:sneak_time":10582,"minecraft:walk_under_water_one_cm":7178,"minecraft:jump":2847,"minecraft:walk_on_water_one_cm":24198,"minecraft:total_world_time":120887,"minecraft:interact_with_furnace":36,"minecraft:sleep_in_bed":2,"minecraft:time_since_rest":69680,"minecraft:damage_taken":2030,"minecraft:damage_dealt":3894,"minecraft:swim_one_cm":56419,"minecraft:fly_one_cm":492267,"minecraft:open_chest":4,"minecraft:crouch_one_cm":25193,"minecraft:fall_one_cm":72971},"minecraft:mined":{"minecraft:yellow_terracotta":1,"minecraft:tuff":6,"minecraft:deepslate_diamond_ore":6,"cobblemon:apricorn_log":5,"minecraft:brewing_stand":1,"minecraft:cave_vines_plant":1,"minecraft:granite":27,"minecraft:acacia_log":15,"minecraft:grass_block":10,"megamons:crystal_dusk_stone_ore":2,"minecraft:moss_block":42,"minecraft:furnace":7,"minecraft:red_sandstone":1,"minecraft:iron_ore":29,"minecraft:cobbled_deepslate":2,"minecraft:orange_stained_glass_pane":1,"minecraft:andesite":3,"cobblemon:medicinal_leek":1,"cobblemon:red_apricorn":1,"minecraft:smooth_red_sandstone":1,"minecraft:cave_vines":6,"cobblemon:terracotta_sun_stone_ore":1,"minecraft:stone":146,"cobblemon:water_stone_ore":1,"megamons:crystal_leaf_stone_ore":2,"megamons:anistarite_rough_geode_block":6,"minecraft:glass_pane":1,"megamons:anistarite_geode_block":27,"cobblemon:apricorn_planks":1,"minecraft:clay":5,"minecraft:crafting_table":6,"cobblemon:apricorn_leaves":12,"minecraft:melon":8,"minecraft:chest":1,"minecraft:tall_grass":3,"cobblemon:pinap_berry":2,"minecraft:copper_ore":9,"minecraft:deepslate_gold_ore":3,"megamons:crystal_moon_stone_ore":2,"minecraft:lapis_ore":6,"minecraft:sugar_cane":6,"minecraft:diorite":17,"minecraft:wall_torch":5,"minecraft:seagrass":1,"minecraft:wheat":1,"minecraft:grass":70,"minecraft:oak_log":8,"minecraft:coal_ore":13,"megamons:crystal_sun_stone_ore":1,"minecraft:gravel":5,"minecraft:dirt":4,"minecraft:terracotta":4,"minecraft:oak_leaves":10,"minecraft:deepslate":73},"minecraft:picked_up":{"minecraft:wooden_axe":1,"minecraft:iron_chestplate":1,"cobblemon:leaf_stone":2,"minecraft:crafting_table":5,"minecraft:chicken":2,"cobblemon:yellow_apricorn":1,"cobblemon:red_apricorn":12,"cobblemon:charti_berry":1,"minecraft:brewing_stand":1,"minecraft:string":1,"minecraft:raw_copper":45,"cobblemon:white_apricorn":3,"minecraft:gold_nugget":6,"minecraft:cobbled_deepslate":60,"minecraft:beef":15,"cobblemon:oran_berry":10,"cobblemon:dusk_stone":2,"minecraft:melon_slice":45,"minecraft:sugar_cane":11,"minecraft:chest":2,"minecraft:furnace":7,"minecraft:stick":2,"minecraft:raw_iron":61,"cobblemon:apricorn_log":5,"minecraft:copper_ingot":2,"minecraft:torch":10,"minecraft:acacia_log":15,"minecraft:porkchop":6,"minecraft:diorite":3,"minecraft:golden_chestplate":1,"minecraft:rotten_flesh":6,"minecraft:yellow_terracotta":1,"minecraft:mutton":18,"minecraft:white_wool":7,"minecraft:cobblestone":110,"minecraft:clock":1,"minecraft:feather":2,"minecraft:cooked_beef":1,"minecraft:salmon":1,"minecraft:andesite":2,"minecraft:leather":6,"cobblemon:roseate_ball":9,"minecraft:tuff":4,"minecraft:oak_log":8,"megamons:anistarite_geode_block":27,"minecraft:lapis_lazuli":38,"minecraft:dirt":42,"minecraft:acacia_planks":17,"minecraft:apple":1,"minecraft:wheat_seeds":33,"minecraft:red_sandstone":2,"cobblemon:black_apricorn":8,"minecraft:raw_gold":3,"minecraft:iron_ingot":4,"minecraft:tall_grass":4,"cobblemon:moon_stone":2,"minecraft:moss_block":3,"minecraft:oak_planks":19,"minecraft:acacia_sapling":4,"cobblemon:apricorn_planks":1,"cobblemon:chilan_berry":16,"cobblemon:red_apricorn_seed":1,"cobblemon:sun_stone":2,"patchouli:guide_book":2,"cobblemon:pink_apricorn":13,"megamons:anistarite_rough_geode_block":6,"minecraft:diamond":6,"minecraft:stone_axe":1,"cobblemon:poke_ball":1,"minecraft:granite":25,"minecraft:gray_wool":2,"minecraft:terracotta":5,"minecraft:oak_sapling":2,"cobblemon:medicinal_leek":6,"cobblemon:water_stone":1,"minecraft:coal":38,"minecraft:black_wool":1},"minecraft:used":{"megamons:anistarite_rough_geode_block":6,"minecraft:shield":3,"minecraft:torch":18,"minecraft:acacia_sapling":2,"minecraft:tuff":4,"minecraft:wooden_axe":33,"minecraft:iron_axe":2,"cobblemon:apricorn_planks":6,"minecraft:iron_boots":1,"minecraft:tall_grass":2,"minecraft:furnace":7,"minecraft:cooked_beef":5,"minecraft:cobbled_deepslate":28,"minecraft:acacia_planks":21,"minecraft:cooked_mutton":11,"minecraft:diorite":2,"minecraft:stone_pickaxe":177,"minecraft:oak_planks":21,"minecraft:wooden_pickaxe":14,"minecraft:salmon":1,"minecraft:white_wool":7,"minecraft:terracotta":5,"minecraft:crafting_table":10,"megamons:anistarite_geode_block":27,"minecraft:diamond_pickaxe":54,"minecraft:red_sandstone":2,"minecraft:apple":1,"minecraft:chicken":2,"minecraft:melon_slice":35,"minecraft:iron_pickaxe":248,"minecraft:stone_axe":103,"minecraft:cobblestone":27,"minecraft:cooked_porkchop":1,"minecraft:porkchop":4},"minecraft:killed_by":{"minecraft:skeleton":1},"minecraft:dropped":{"minecraft:iron_ingot":3,"minecraft:porkchop":1,"minecraft:moss_block":3,"minecraft:wheat_seeds":8,"minecraft:clock":1,"minecraft:feather":1,"minecraft:yellow_terracotta":1,"minecraft:cobblestone":2,"cobblemon:chilan_berry":16,"cobblemon:oran_berry":5,"cobblemon:medicinal_leek":4,"minecraft:dirt":28,"minecraft:gray_wool":2,"minecraft:diorite":1,"minecraft:torch":4,"minecraft:melon_slice":10,"minecraft:gold_nugget":3,"minecraft:string":1,"minecraft:stone_axe":1,"minecraft:golden_chestplate":2,"minecraft:cobbled_deepslate":6,"minecraft:raw_copper":15,"minecraft:obsidian":1,"minecraft:rotten_flesh":6,"minecraft:iron_chestplate":1,"minecraft:andesite":2,"minecraft:oak_sapling":1,"minecraft:chest":2,"minecraft:stone_pickaxe":1,"minecraft:wooden_pickaxe":2,"minecraft:black_wool":1},"minecraft:broken":{"minecraft:stone_pickaxe":1,"minecraft:stone_axe":1,"minecraft:iron_pickaxe":1,"minecraft:wooden_axe":1},"minecraft:crafted":{"minecraft:oak_planks":32,"cobblemon:apricorn_planks":20,"minecraft:furnace":1,"minecraft:cooked_mutton":11,"minecraft:iron_boots":1,"minecraft:iron_axe":1,"minecraft:stone_pickaxe":2,"minecraft:chest":1,"minecraft:cooked_beef":4,"minecraft:cooked_porkchop":1,"minecraft:crafting_table":7,"minecraft:wooden_pickaxe":2,"minecraft:copper_ingot":3,"cobblemon:roseate_ball":8,"minecraft:stone_axe":1,"minecraft:air":0,"cobblemon:poke_ball":12,"minecraft:iron_chestplate":1,"minecraft:diamond_pickaxe":1,"minecraft:shield":1,"minecraft:stick":24,"minecraft:iron_ingot":18,"minecraft:iron_pickaxe":1,"minecraft:acacia_planks":60,"minecraft:torch":16}},"DataVersion":3465}