{"stats":{"minecraft:broken":{"minecraft:stone_pickaxe":1,"minecraft:stone_axe":1,"minecraft:wooden_axe":1,"minecraft:iron_axe":1,"minecraft:iron_pickaxe":1},"minecraft:crafted":{"minecraft:smooth_stone":2,"minecraft:oak_planks":56,"cobblemon:slate_ball":48,"cobblemon:apricorn_planks":20,"minecraft:stone":7,"minecraft:cooked_mutton":11,"minecraft:glass":11,"minecraft:iron_boots":1,"minecraft:chest":2,"minecraft:glass_bottle":3,"minecraft:wooden_shovel":1,"minecraft:cooked_porkchop":1,"minecraft:crafting_table":11,"minecraft:wooden_pickaxe":2,"minecraft:iron_helmet":1,"minecraft:copper_ingot":28,"minecraft:campfire":2,"cobblemon:poke_ball":16,"cobblemon:quick_ball":4,"minecraft:iron_chestplate":1,"minecraft:diamond_pickaxe":1,"minecraft:shield":1,"minecraft:stick":40,"minecraft:iron_ingot":38,"minecraft:iron_pickaxe":1,"minecraft:gold_ingot":18,"minecraft:shears":1,"cobblemon:sport_ball":4,"cobblemon:exp_share":1,"minecraft:furnace":2,"minecraft:iron_axe":2,"minecraft:stone_pickaxe":2,"minecraft:wheat":108,"minecraft:cooked_beef":4,"cobblemon:pc":1,"cobblemon:roseate_ball":8,"minecraft:stone_axe":1,"minecraft:bread":35,"minecraft:acacia_boat":1,"minecraft:air":0,"cobblemon:heavy_ball":4,"minecraft:acacia_planks":160,"minecraft:torch":36,"cobblemon:great_ball":12},"minecraft:killed":{"minecraft:spider":15,"minecraft:skeleton":8,"minecraft:pig":3,"minecraft:creeper":2,"minecraft:sheep":10,"minecraft:zombie":12,"minecraft:cow":10,"minecraft:drowned":1,"minecraft:husk":9,"cobblemon:pokemon":1},"minecraft:custom":{"minecraft:interact_with_crafting_table":63,"minecraft:open_barrel":4,"minecraft:leave_game":15,"minecraft:time_since_death":210653,"minecraft:sprint_one_cm":651376,"minecraft:damage_blocked_by_shield":880,"minecraft:drop":117,"minecraft:talked_to_villager":3,"minecraft:play_time":356274,"minecraft:deaths":2,"minecraft:jump":9572,"minecraft:interact_with_brewingstand":3,"minecraft:walk_on_water_one_cm":58175,"minecraft:interact_with_furnace":78,"minecraft:sleep_in_bed":5,"minecraft:damage_dealt":13124,"minecraft:crouch_one_cm":47462,"minecraft:mob_kills":79,"minecraft:climb_one_cm":10770,"minecraft:walk_one_cm":1002552,"minecraft:sneak_time":19561,"minecraft:walk_under_water_one_cm":31181,"minecraft:boat_one_cm":854573,"minecraft:total_world_time":356274,"minecraft:time_since_rest":102227,"minecraft:damage_taken":3994,"minecraft:swim_one_cm":71110,"minecraft:fly_one_cm":1137902,"minecraft:open_chest":32,"minecraft:fall_one_cm":165797},"minecraft:killed_by":{"minecraft:skeleton":2},"minecraft:dropped":{"minecraft:moss_block":3,"minecraft:porkchop":1,"minecraft:oak_log":1,"minecraft:crafting_table":1,"minecraft:leather":13,"minecraft:dirt":28,"cobblemon:slate_ball":28,"cobblemon:poke_ball":7,"minecraft:bone_meal":8,"minecraft:gold_nugget":3,"minecraft:amethyst_shard":1,"minecraft:sand":10,"cobblemon:great_ball":11,"minecraft:bone":1,"minecraft:stone_axe":1,"minecraft:golden_chestplate":2,"minecraft:cobbled_deepslate":12,"cobblemon:rare_candy":1,"cobblemon:tanga_berry":1,"minecraft:wheat":3,"minecraft:obsidian":1,"minecraft:rotten_flesh":21,"cobblemon:black_apricorn":5,"cobblemon:black_apricorn_seed":3,"minecraft:gunpowder":3,"cobblemon:rawst_berry":18,"minecraft:chest":2,"minecraft:arrow":4,"minecraft:netherrack":16,"minecraft:iron_ingot":4,"minecraft:wheat_seeds":9,"minecraft:clock":2,"minecraft:yellow_terracotta":1,"minecraft:feather":1,"minecraft:cobblestone":104,"cobblemon:chilan_berry":16,"cobblemon:oran_berry":9,"minecraft:stick":7,"cobblemon:medicinal_leek":4,"minecraft:gray_wool":2,"minecraft:diorite":1,"minecraft:torch":4,"minecraft:melon_slice":10,"minecraft:rabbit":1,"cobblemon:sport_ball":1,"cobblemon:heavy_ball":3,"minecraft:cactus":1,"minecraft:string":2,"minecraft:acacia_planks":4,"minecraft:raw_copper":79,"minecraft:raw_iron":10,"cobblemon:quick_ball":2,"minecraft:iron_chestplate":1,"minecraft:andesite":2,"minecraft:oak_boat":1,"minecraft:oak_sapling":1,"minecraft:spider_eye":2,"minecraft:slime_ball":1,"minecraft:sandstone":6,"minecraft:stone_pickaxe":1,"minecraft:wooden_pickaxe":2,"minecraft:black_wool":1},"minecraft:picked_up":{"minecraft:wooden_axe":1,"minecraft:iron_chestplate":1,"cobblemon:leaf_stone":3,"cobblemon:red_apricorn":35,"cobblemon:sport_ball":1,"cobblemon:charti_berry":1,"minecraft:brewing_stand":1,"minecraft:string":8,"minecraft:raw_copper":232,"minecraft:gold_nugget":6,"minecraft:cobbled_deepslate":72,"cobblemon:white_apricorn_seed":1,"cobblemon:oran_berry":14,"minecraft:melon_slice":120,"minecraft:furnace":10,"minecraft:stick":8,"cobblemon:apricorn_log":5,"minecraft:acacia_log":40,"minecraft:torch":14,"minecraft:porkchop":6,"minecraft:diorite":3,"minecraft:golden_chestplate":1,"minecraft:cactus":1,"minecraft:rotten_flesh":22,"minecraft:cod":1,"minecraft:cobblestone":294,"minecraft:feather":2,"minecraft:cooked_beef":1,"minecraft:andesite":26,"cobblemon:roseate_ball":9,"minecraft:tuff":4,"cobblemon:protector":1,"minecraft:acacia_boat":3,"minecraft:lapis_lazuli":79,"megamons:anistarite_geode_block":27,"minecraft:dirt":51,"minecraft:bone":1,"minecraft:acacia_planks":21,"minecraft:bow":1,"cobblemon:black_apricorn":130,"minecraft:wheat_seeds":34,"minecraft:raw_gold":11,"minecraft:rabbit":1,"cobblemon:moon_stone":2,"minecraft:moss_block":4,"minecraft:oak_planks":101,"cobblemon:apricorn_planks":1,"cobblemon:sun_stone":2,"cobblemon:rare_candy":1,"patchouli:guide_book":2,"minecraft:sand":32,"megamons:anistarite_rough_geode_block":6,"minecraft:diamond":6,"cobblemon:poke_ball":2,"minecraft:granite":52,"minecraft:bone_meal":8,"cobblemon:ice_stone":1,"cobblemon:medicinal_leek":36,"minecraft:oak_sapling":3,"minecraft:netherrack":16,"minecraft:crafting_table":7,"minecraft:chicken":2,"minecraft:ladder":5,"cobblemon:yellow_apricorn":10,"minecraft:gold_block":1,"minecraft:oak_trapdoor":1,"cobblemon:white_apricorn":32,"minecraft:beef":24,"minecraft:oak_boat":4,"cobblemon:dusk_stone":2,"minecraft:sugar_cane":11,"minecraft:chest":4,"minecraft:egg":1,"minecraft:sandstone":18,"minecraft:raw_iron":113,"minecraft:copper_ingot":2,"minecraft:arrow":4,"minecraft:hay_block":12,"minecraft:yellow_terracotta":1,"minecraft:mutton":18,"cobblemon:blue_apricorn":28,"cobblemon:tanga_berry":1,"minecraft:white_wool":7,"minecraft:stripped_oak_log":5,"minecraft:clock":1,"minecraft:salmon":2,"minecraft:leather":13,"cobblemon:slate_ball":4,"minecraft:oak_log":22,"minecraft:gunpowder":3,"minecraft:apple":1,"minecraft:red_sandstone":2,"minecraft:iron_ingot":14,"minecraft:tall_grass":4,"minecraft:acacia_sapling":4,"cobblemon:chilan_berry":16,"cobblemon:red_apricorn_seed":1,"cobblemon:black_apricorn_seed":14,"cobblemon:blue_apricorn_seed":4,"cobblemon:yellow_apricorn_seed":1,"minecraft:amethyst_shard":1,"cobblemon:pink_apricorn":19,"minecraft:spider_eye":6,"minecraft:oak_wood":2,"minecraft:slime_ball":1,"minecraft:stone_axe":1,"minecraft:gray_wool":2,"minecraft:terracotta":7,"cobblemon:water_stone":1,"minecraft:black_wool":1,"minecraft:coal":95},"minecraft:used":{"minecraft:moss_block":1,"megamons:anistarite_rough_geode_block":6,"minecraft:ladder":5,"minecraft:chest":3,"minecraft:shield":19,"minecraft:rotten_flesh":1,"minecraft:mutton":2,"minecraft:acacia_sapling":2,"minecraft:tuff":4,"cobblemon:apricorn_planks":6,"minecraft:oak_sapling":1,"minecraft:furnace":12,"minecraft:egg":1,"minecraft:diorite":2,"minecraft:stone_pickaxe":177,"minecraft:oak_planks":22,"minecraft:wooden_pickaxe":14,"minecraft:sandstone":12,"minecraft:white_wool":7,"minecraft:sand":4,"megamons:anistarite_geode_block":27,"minecraft:red_sandstone":2,"minecraft:melon_slice":53,"minecraft:bread":36,"cobblemon:red_apricorn_seed":1,"cobblemon:medicinal_leek":29,"minecraft:andesite":8,"minecraft:oak_boat":3,"minecraft:oak_trapdoor":1,"minecraft:flint_and_steel":11,"minecraft:torch":31,"minecraft:dirt":5,"minecraft:oak_wood":2,"minecraft:wooden_axe":33,"minecraft:iron_axe":292,"cobblemon:pink_apricorn_seed":1,"minecraft:iron_boots":1,"cobblemon:pc":1,"minecraft:beef":16,"minecraft:tall_grass":2,"minecraft:cobbled_deepslate":60,"minecraft:cooked_beef":5,"minecraft:acacia_planks":45,"minecraft:cooked_mutton":11,"minecraft:acacia_boat":4,"minecraft:salmon":2,"minecraft:terracotta":7,"minecraft:crafting_table":15,"cobblemon:black_apricorn_seed":13,"minecraft:campfire":2,"cobblemon:white_apricorn_seed":3,"minecraft:cod":1,"minecraft:oak_log":1,"minecraft:diamond_pickaxe":887,"minecraft:apple":1,"minecraft:chicken":2,"minecraft:iron_pickaxe":248,"minecraft:stone_axe":103,"minecraft:cobblestone":72,"minecraft:cooked_porkchop":1,"minecraft:porkchop":4,"minecraft:stripped_oak_log":5,"cobblemon:blue_apricorn_seed":5},"minecraft:mined":{"cobblemon:apricorn_log":5,"minecraft:brewing_stand":1,"minecraft:granite":78,"minecraft:cave_vines_plant":2,"minecraft:acacia_log":41,"minecraft:grass_block":15,"megamons:crystal_dusk_stone_ore":2,"minecraft:magma_block":1,"minecraft:fire":3,"minecraft:iron_ore":57,"minecraft:cobbled_deepslate":4,"cobblemon:medicinal_leek":28,"cobblemon:red_apricorn":1,"minecraft:smooth_red_sandstone":1,"minecraft:cave_vines":6,"cobblemon:water_stone_ore":1,"megamons:anistarite_geode_block":27,"cobblemon:leaf_stone_ore":1,"cobblemon:apricorn_leaves":12,"minecraft:clay":18,"cobblemon:apricorn_planks":1,"minecraft:torch":3,"minecraft:melon":19,"minecraft:chest":3,"minecraft:dead_bush":2,"cobblemon:pinap_berry":2,"megamons:crystal_moon_stone_ore":2,"minecraft:sugar_cane":6,"minecraft:oak_planks":1,"minecraft:wall_torch":5,"minecraft:seagrass":1,"minecraft:wheat":1,"minecraft:grass":97,"minecraft:oak_log":25,"minecraft:sand":29,"minecraft:dirt":11,"minecraft:netherrack":8,"minecraft:oak_leaves":15,"minecraft:deepslate":233,"minecraft:yellow_terracotta":1,"minecraft:tuff":6,"minecraft:deepslate_diamond_ore":6,"minecraft:ladder":5,"minecraft:decorated_pot":1,"minecraft:moss_block":44,"minecraft:rooted_dirt":1,"minecraft:sandstone":52,"minecraft:hay_block":12,"minecraft:oak_trapdoor":1,"minecraft:furnace":10,"minecraft:red_sandstone":1,"minecraft:orange_stained_glass_pane":1,"minecraft:andesite":49,"minecraft:gold_block":1,"minecraft:vine":4,"cobblemon:terracotta_sun_stone_ore":1,"minecraft:stripped_oak_log":5,"minecraft:stone":480,"megamons:crystal_leaf_stone_ore":2,"megamons:anistarite_rough_geode_block":6,"minecraft:acacia_leaves":2,"minecraft:glass_pane":1,"cobblemon:black_apricorn_sapling":1,"minecraft:crafting_table":7,"minecraft:oak_wood":2,"minecraft:tall_grass":3,"minecraft:copper_ore":19,"minecraft:lapis_ore":6,"minecraft:deepslate_gold_ore":3,"minecraft:diorite":34,"minecraft:coarse_dirt":1,"minecraft:birch_leaves":3,"minecraft:coal_ore":71,"megamons:crystal_sun_stone_ore":1,"minecraft:gravel":7,"minecraft:terracotta":6,"minecraft:gold_ore":8}},"DataVersion":3465}