{"stats":{"minecraft:broken":{"minecraft:stone_pickaxe":1,"minecraft:stone_axe":1,"minecraft:wooden_axe":1,"minecraft:iron_axe":2,"minecraft:iron_pickaxe":1},"minecraft:crafted":{"minecraft:smooth_stone":2,"minecraft:oak_planks":56,"cobblemon:slate_ball":48,"cobblemon:apricorn_planks":20,"minecraft:stone":7,"minecraft:cooked_mutton":13,"minecraft:glass":11,"minecraft:iron_boots":1,"minecraft:chest":2,"minecraft:glass_bottle":3,"minecraft:wooden_shovel":1,"minecraft:cooked_porkchop":1,"minecraft:diamond_axe":1,"minecraft:crafting_table":15,"minecraft:wooden_pickaxe":2,"minecraft:iron_helmet":1,"minecraft:copper_ingot":44,"minecraft:acacia_button":1,"minecraft:campfire":8,"cobblemon:poke_ball":16,"cobblemon:quick_ball":4,"minecraft:iron_chestplate":1,"minecraft:diamond_pickaxe":1,"minecraft:shield":1,"minecraft:stick":80,"minecraft:iron_ingot":48,"minecraft:iron_pickaxe":1,"minecraft:gold_ingot":18,"minecraft:shears":1,"cobblemon:sport_ball":16,"cobblemon:exp_share":1,"minecraft:beehive":1,"minecraft:furnace":3,"cobblemon:premier_ball":16,"minecraft:iron_axe":2,"minecraft:stone_pickaxe":2,"minecraft:wheat":108,"minecraft:cooked_beef":4,"cobblemon:pc":1,"cobblemon:roseate_ball":8,"minecraft:stone_axe":1,"minecraft:bread":35,"minecraft:acacia_boat":1,"minecraft:air":0,"cobblemon:heavy_ball":4,"minecraft:acacia_planks":160,"minecraft:torch":100,"cobblemon:relic_coin_pouch":6,"cobblemon:great_ball":12},"minecraft:killed":{"minecraft:spider":23,"minecraft:skeleton":10,"minecraft:pig":3,"minecraft:creeper":3,"minecraft:sheep":17,"minecraft:zombie":20,"minecraft:cow":10,"minecraft:drowned":1,"minecraft:husk":9,"cobblemon:pokemon":2},"minecraft:custom":{"minecraft:interact_with_crafting_table":79,"minecraft:open_barrel":4,"minecraft:leave_game":15,"minecraft:time_since_death":294653,"minecraft:sprint_one_cm":870173,"minecraft:damage_blocked_by_shield":1355,"minecraft:drop":154,"minecraft:talked_to_villager":12,"minecraft:play_time":440274,"minecraft:deaths":2,"minecraft:jump":13540,"minecraft:interact_with_brewingstand":3,"minecraft:walk_on_water_one_cm":66005,"minecraft:interact_with_furnace":87,"minecraft:sleep_in_bed":6,"minecraft:damage_dealt":17501,"minecraft:crouch_one_cm":64149,"minecraft:mob_kills":106,"minecraft:climb_one_cm":12624,"minecraft:walk_one_cm":1244333,"minecraft:sneak_time":24279,"minecraft:walk_under_water_one_cm":41976,"minecraft:boat_one_cm":854573,"minecraft:total_world_time":440274,"minecraft:time_since_rest":52455,"minecraft:damage_taken":4687,"minecraft:swim_one_cm":90210,"minecraft:fly_one_cm":1405834,"minecraft:open_chest":35,"minecraft:fall_one_cm":208950},"minecraft:killed_by":{"minecraft:skeleton":2},"minecraft:dropped":{"minecraft:moss_block":3,"minecraft:porkchop":1,"minecraft:oak_log":3,"minecraft:crafting_table":2,"minecraft:leather":13,"minecraft:dirt":31,"cobblemon:slate_ball":28,"cobblemon:poke_ball":7,"cobblemon:green_apricorn":2,"minecraft:bone_meal":8,"minecraft:gold_nugget":3,"minecraft:amethyst_shard":1,"minecraft:sand":10,"cobblemon:great_ball":11,"minecraft:white_wool":2,"cobblemon:red_apricorn":1,"minecraft:bone":1,"minecraft:stone_axe":1,"minecraft:golden_chestplate":2,"minecraft:cobbled_deepslate":12,"cobblemon:rare_candy":1,"cobblemon:tanga_berry":1,"minecraft:wheat":3,"minecraft:obsidian":1,"minecraft:rotten_flesh":21,"cobblemon:black_apricorn":8,"cobblemon:black_apricorn_seed":3,"minecraft:acacia_button":1,"minecraft:poppy":2,"minecraft:gunpowder":3,"cobblemon:rawst_berry":18,"minecraft:charcoal":7,"minecraft:chest":2,"minecraft:arrow":7,"minecraft:glass":7,"minecraft:netherrack":16,"minecraft:iron_ingot":4,"minecraft:wheat_seeds":10,"minecraft:clock":2,"minecraft:yellow_terracotta":1,"minecraft:feather":1,"minecraft:cobblestone":108,"minecraft:copper_ingot":6,"cobblemon:chilan_berry":16,"cobblemon:oran_berry":9,"minecraft:stick":18,"cobblemon:medicinal_leek":4,"minecraft:gray_wool":2,"minecraft:diorite":1,"minecraft:torch":14,"minecraft:melon_slice":10,"minecraft:rabbit":1,"cobblemon:sport_ball":1,"cobblemon:heavy_ball":3,"minecraft:cactus":1,"minecraft:string":7,"minecraft:acacia_planks":14,"minecraft:raw_copper":79,"minecraft:tuff":1,"minecraft:raw_iron":10,"cobblemon:quick_ball":2,"minecraft:iron_chestplate":1,"minecraft:andesite":2,"minecraft:oak_boat":1,"minecraft:oak_sapling":1,"minecraft:spider_eye":2,"minecraft:slime_ball":1,"minecraft:sandstone":6,"minecraft:stone_pickaxe":1,"minecraft:wooden_pickaxe":2,"minecraft:black_wool":2},"minecraft:picked_up":{"minecraft:wooden_axe":1,"minecraft:iron_chestplate":1,"cobblemon:leaf_stone":3,"cobblemon:red_apricorn":35,"cobblemon:sport_ball":12,"cobblemon:charti_berry":1,"minecraft:brewing_stand":1,"minecraft:string":13,"minecraft:raw_copper":246,"minecraft:gold_nugget":6,"minecraft:cobbled_deepslate":106,"cobblemon:white_apricorn_seed":1,"cobblemon:oran_berry":14,"minecraft:melon_slice":182,"minecraft:furnace":11,"minecraft:beehive":2,"minecraft:stick":15,"cobblemon:apricorn_log":5,"minecraft:acacia_log":40,"minecraft:torch":24,"minecraft:porkchop":6,"minecraft:diorite":3,"minecraft:golden_chestplate":1,"minecraft:cactus":1,"minecraft:rotten_flesh":27,"minecraft:cod":1,"minecraft:cobblestone":353,"minecraft:birch_log":1,"minecraft:feather":2,"minecraft:cooked_beef":1,"minecraft:andesite":26,"cobblemon:roseate_ball":9,"minecraft:tuff":15,"cobblemon:protector":1,"minecraft:acacia_boat":3,"minecraft:lapis_lazuli":79,"megamons:anistarite_geode_block":27,"minecraft:dirt":73,"minecraft:bone":1,"minecraft:acacia_planks":31,"minecraft:bow":1,"cobblemon:black_apricorn":130,"minecraft:wheat_seeds":35,"minecraft:raw_gold":13,"minecraft:rabbit":1,"cobblemon:moon_stone":2,"minecraft:moss_block":4,"minecraft:honeycomb":3,"minecraft:oak_planks":101,"cobblemon:apricorn_planks":1,"cobblemon:sun_stone":2,"cobblemon:rare_candy":1,"patchouli:guide_book":2,"minecraft:sand":32,"minecraft:lily_of_the_valley":8,"megamons:anistarite_rough_geode_block":6,"minecraft:diamond":18,"cobblemon:poke_ball":2,"minecraft:granite":52,"minecraft:bone_meal":8,"cobblemon:ice_stone":1,"cobblemon:medicinal_leek":36,"minecraft:oak_sapling":3,"minecraft:netherrack":16,"minecraft:charcoal":12,"minecraft:crafting_table":9,"minecraft:chicken":2,"minecraft:ladder":5,"cobblemon:yellow_apricorn":11,"minecraft:gold_block":1,"minecraft:oak_trapdoor":1,"cobblemon:white_apricorn":32,"minecraft:beef":24,"minecraft:oak_boat":4,"minecraft:poppy":4,"cobblemon:dusk_stone":2,"minecraft:sugar_cane":11,"minecraft:chest":4,"minecraft:egg":1,"minecraft:sandstone":18,"minecraft:raw_iron":137,"minecraft:copper_ingot":8,"minecraft:arrow":7,"minecraft:hay_block":12,"minecraft:yellow_terracotta":1,"minecraft:mutton":28,"cobblemon:blue_apricorn":28,"cobblemon:tanga_berry":1,"minecraft:white_wool":13,"minecraft:stripped_oak_log":5,"minecraft:clock":1,"minecraft:salmon":2,"minecraft:leather":13,"cobblemon:slate_ball":8,"minecraft:oak_log":42,"minecraft:gunpowder":3,"minecraft:apple":1,"minecraft:red_sandstone":2,"minecraft:iron_ingot":35,"minecraft:tall_grass":4,"minecraft:acacia_sapling":4,"cobblemon:chilan_berry":16,"cobblemon:red_apricorn_seed":1,"cobblemon:black_apricorn_seed":14,"cobblemon:blue_apricorn_seed":4,"cobblemon:yellow_apricorn_seed":1,"minecraft:amethyst_shard":1,"cobblemon:pink_apricorn":19,"minecraft:spider_eye":6,"minecraft:oak_wood":2,"minecraft:slime_ball":1,"minecraft:stone_axe":1,"minecraft:gray_wool":2,"minecraft:terracotta":7,"cobblemon:water_stone":1,"minecraft:black_wool":3,"minecraft:coal":129},"minecraft:used":{"minecraft:moss_block":1,"megamons:anistarite_rough_geode_block":6,"minecraft:poppy":2,"minecraft:ladder":5,"minecraft:chest":3,"minecraft:shield":31,"minecraft:rotten_flesh":6,"minecraft:mutton":10,"minecraft:lily_of_the_valley":8,"minecraft:acacia_sapling":2,"minecraft:tuff":14,"minecraft:beehive":3,"cobblemon:apricorn_planks":6,"minecraft:oak_sapling":1,"minecraft:furnace":14,"minecraft:egg":1,"minecraft:diorite":2,"minecraft:stone_pickaxe":177,"minecraft:oak_planks":22,"minecraft:wooden_pickaxe":14,"minecraft:sandstone":12,"minecraft:diamond_axe":131,"minecraft:white_wool":11,"minecraft:sand":4,"cobblemon:yellow_apricorn_seed":1,"megamons:anistarite_geode_block":27,"minecraft:shears":1,"minecraft:red_sandstone":2,"minecraft:melon_slice":118,"minecraft:bread":36,"cobblemon:red_apricorn_seed":1,"cobblemon:medicinal_leek":29,"minecraft:andesite":8,"minecraft:oak_boat":3,"minecraft:oak_trapdoor":1,"minecraft:flint_and_steel":11,"minecraft:torch":97,"minecraft:dirt":20,"minecraft:oak_wood":2,"minecraft:wooden_axe":33,"minecraft:iron_axe":320,"cobblemon:pink_apricorn_seed":1,"minecraft:iron_boots":1,"cobblemon:pc":1,"minecraft:beef":16,"minecraft:tall_grass":2,"minecraft:cobbled_deepslate":94,"minecraft:cooked_beef":5,"minecraft:acacia_planks":48,"minecraft:cooked_mutton":11,"minecraft:acacia_boat":4,"minecraft:salmon":2,"minecraft:terracotta":7,"minecraft:crafting_table":20,"cobblemon:black_apricorn_seed":13,"minecraft:campfire":8,"cobblemon:white_apricorn_seed":3,"minecraft:cod":1,"minecraft:oak_log":1,"minecraft:diamond_pickaxe":1072,"minecraft:black_wool":1,"minecraft:apple":1,"minecraft:chicken":2,"minecraft:iron_pickaxe":248,"minecraft:stone_axe":103,"minecraft:cobblestone":154,"minecraft:cooked_porkchop":1,"minecraft:porkchop":4,"minecraft:stripped_oak_log":5,"cobblemon:blue_apricorn_seed":5},"minecraft:mined":{"cobblemon:apricorn_log":5,"minecraft:brewing_stand":1,"minecraft:granite":78,"minecraft:cave_vines_plant":2,"minecraft:acacia_log":41,"minecraft:grass_block":32,"megamons:crystal_dusk_stone_ore":2,"minecraft:magma_block":1,"minecraft:fire":3,"minecraft:iron_ore":77,"minecraft:cobbled_deepslate":4,"cobblemon:medicinal_leek":28,"cobblemon:red_apricorn":1,"minecraft:smooth_red_sandstone":1,"minecraft:cave_vines":6,"cobblemon:water_stone_ore":1,"megamons:anistarite_geode_block":27,"cobblemon:leaf_stone_ore":1,"cobblemon:apricorn_leaves":12,"minecraft:clay":18,"cobblemon:apricorn_planks":1,"minecraft:torch":3,"minecraft:poppy":3,"minecraft:melon":32,"minecraft:chest":3,"minecraft:dead_bush":2,"cobblemon:pinap_berry":2,"minecraft:cobblestone":2,"megamons:crystal_moon_stone_ore":2,"minecraft:sugar_cane":6,"minecraft:oak_planks":1,"minecraft:wall_torch":5,"minecraft:seagrass":1,"minecraft:birch_log":1,"minecraft:wheat":1,"minecraft:grass":114,"minecraft:oak_log":47,"minecraft:sand":29,"minecraft:dirt":13,"minecraft:netherrack":8,"minecraft:oak_leaves":24,"minecraft:deepslate":284,"minecraft:yellow_terracotta":1,"minecraft:tuff":24,"minecraft:deepslate_diamond_ore":18,"minecraft:ladder":5,"minecraft:decorated_pot":1,"minecraft:moss_block":44,"minecraft:rooted_dirt":1,"minecraft:sandstone":52,"minecraft:hay_block":12,"minecraft:oak_trapdoor":1,"minecraft:furnace":12,"minecraft:red_sandstone":1,"minecraft:orange_stained_glass_pane":1,"minecraft:andesite":50,"minecraft:gold_block":1,"minecraft:deepslate_iron_ore":4,"minecraft:vine":7,"cobblemon:terracotta_sun_stone_ore":1,"minecraft:stripped_oak_log":5,"minecraft:stone":533,"megamons:crystal_leaf_stone_ore":2,"megamons:anistarite_rough_geode_block":6,"minecraft:acacia_leaves":2,"minecraft:glass_pane":1,"minecraft:lily_of_the_valley":8,"cobblemon:black_apricorn_sapling":1,"minecraft:crafting_table":9,"minecraft:oak_wood":2,"minecraft:campfire":6,"minecraft:tall_grass":3,"minecraft:copper_ore":23,"minecraft:lapis_ore":6,"minecraft:deepslate_gold_ore":5,"minecraft:diorite":34,"minecraft:coarse_dirt":1,"minecraft:beehive":3,"minecraft:birch_leaves":5,"minecraft:coal_ore":87,"megamons:crystal_sun_stone_ore":1,"minecraft:gravel":7,"minecraft:terracotta":6,"minecraft:gold_ore":8}},"DataVersion":3465}