{"stats":{"minecraft:killed":{"minecraft:spider":10,"minecraft:skeleton":4,"minecraft:husk":3,"minecraft:pig":3,"cobblemon:pokemon":1,"minecraft:creeper":1,"minecraft:sheep":10,"minecraft:zombie":4,"minecraft:cow":6},"minecraft:custom":{"minecraft:mob_kills":45,"minecraft:interact_with_crafting_table":26,"minecraft:open_barrel":4,"minecraft:leave_game":10,"minecraft:time_since_death":28738,"minecraft:climb_one_cm":4499,"minecraft:sprint_one_cm":325086,"minecraft:walk_one_cm":466517,"minecraft:damage_blocked_by_shield":700,"minecraft:drop":59,"minecraft:play_time":174359,"minecraft:deaths":2,"minecraft:sneak_time":12335,"minecraft:walk_under_water_one_cm":18562,"minecraft:boat_one_cm":347587,"minecraft:jump":4129,"minecraft:walk_on_water_one_cm":41538,"minecraft:total_world_time":174359,"minecraft:interact_with_furnace":39,"minecraft:sleep_in_bed":3,"minecraft:time_since_rest":14117,"minecraft:damage_taken":2719,"minecraft:damage_dealt":6639,"minecraft:swim_one_cm":58452,"minecraft:fly_one_cm":691703,"minecraft:open_chest":11,"minecraft:crouch_one_cm":29749,"minecraft:fall_one_cm":99548},"minecraft:mined":{"minecraft:yellow_terracotta":1,"minecraft:tuff":6,"minecraft:deepslate_diamond_ore":6,"cobblemon:apricorn_log":5,"minecraft:brewing_stand":1,"minecraft:granite":65,"minecraft:cave_vines_plant":2,"minecraft:acacia_log":19,"minecraft:grass_block":12,"minecraft:moss_block":44,"megamons:crystal_dusk_stone_ore":2,"minecraft:sandstone":26,"minecraft:furnace":9,"minecraft:red_sandstone":1,"minecraft:iron_ore":45,"minecraft:cobbled_deepslate":4,"minecraft:orange_stained_glass_pane":1,"minecraft:andesite":49,"cobblemon:medicinal_leek":18,"minecraft:smooth_red_sandstone":1,"cobblemon:red_apricorn":1,"minecraft:cave_vines":6,"minecraft:vine":1,"cobblemon:terracotta_sun_stone_ore":1,"minecraft:stone":361,"cobblemon:water_stone_ore":1,"megamons:crystal_leaf_stone_ore":2,"megamons:anistarite_rough_geode_block":6,"minecraft:acacia_leaves":1,"minecraft:glass_pane":1,"megamons:anistarite_geode_block":27,"minecraft:crafting_table":7,"cobblemon:apricorn_planks":1,"minecraft:clay":18,"minecraft:torch":3,"cobblemon:apricorn_leaves":12,"minecraft:melon":10,"minecraft:chest":1,"minecraft:tall_grass":3,"cobblemon:pinap_berry":2,"minecraft:copper_ore":16,"minecraft:deepslate_gold_ore":3,"megamons:crystal_moon_stone_ore":2,"minecraft:lapis_ore":6,"minecraft:sugar_cane":6,"minecraft:diorite":32,"minecraft:wall_torch":5,"minecraft:seagrass":1,"minecraft:wheat":1,"minecraft:grass":73,"minecraft:oak_log":8,"minecraft:coal_ore":13,"megamons:crystal_sun_stone_ore":1,"minecraft:gravel":5,"minecraft:sand":6,"minecraft:dirt":11,"minecraft:terracotta":4,"minecraft:gold_ore":2,"minecraft:oak_leaves":10,"minecraft:deepslate":79},"minecraft:picked_up":{"minecraft:wooden_axe":1,"cobblemon:leaf_stone":2,"minecraft:crafting_table":7,"minecraft:iron_chestplate":1,"minecraft:chicken":2,"cobblemon:yellow_apricorn":2,"cobblemon:red_apricorn":15,"cobblemon:charti_berry":1,"minecraft:brewing_stand":1,"minecraft:string":5,"minecraft:raw_copper":72,"cobblemon:white_apricorn":4,"minecraft:gold_nugget":6,"minecraft:cobbled_deepslate":66,"minecraft:beef":15,"cobblemon:oran_berry":14,"minecraft:oak_boat":2,"cobblemon:dusk_stone":2,"minecraft:chest":2,"minecraft:melon_slice":55,"minecraft:sugar_cane":11,"minecraft:furnace":9,"minecraft:stick":5,"minecraft:raw_iron":87,"cobblemon:apricorn_log":5,"minecraft:copper_ingot":2,"minecraft:torch":14,"minecraft:acacia_log":19,"minecraft:porkchop":6,"minecraft:diorite":3,"minecraft:golden_chestplate":1,"minecraft:rotten_flesh":7,"minecraft:yellow_terracotta":1,"minecraft:mutton":18,"minecraft:white_wool":7,"minecraft:cobblestone":174,"minecraft:feather":2,"minecraft:clock":1,"minecraft:cooked_beef":1,"minecraft:andesite":26,"minecraft:salmon":2,"minecraft:leather":6,"cobblemon:roseate_ball":9,"minecraft:tuff":4,"minecraft:oak_log":8,"minecraft:acacia_boat":3,"megamons:anistarite_geode_block":27,"minecraft:lapis_lazuli":38,"minecraft:dirt":49,"minecraft:acacia_planks":21,"minecraft:apple":1,"minecraft:wheat_seeds":33,"minecraft:bow":1,"minecraft:red_sandstone":2,"cobblemon:black_apricorn":11,"minecraft:raw_gold":5,"minecraft:iron_ingot":9,"minecraft:tall_grass":4,"cobblemon:moon_stone":2,"minecraft:moss_block":4,"minecraft:oak_planks":19,"minecraft:acacia_sapling":4,"cobblemon:apricorn_planks":1,"cobblemon:chilan_berry":16,"cobblemon:sun_stone":2,"cobblemon:red_apricorn_seed":1,"patchouli:guide_book":2,"cobblemon:black_apricorn_seed":2,"minecraft:amethyst_shard":1,"cobblemon:pink_apricorn":13,"minecraft:spider_eye":3,"megamons:anistarite_rough_geode_block":6,"minecraft:diamond":6,"cobblemon:poke_ball":1,"minecraft:stone_axe":1,"minecraft:granite":52,"minecraft:gray_wool":2,"minecraft:terracotta":5,"cobblemon:water_stone":1,"cobblemon:medicinal_leek":35,"minecraft:oak_sapling":3,"minecraft:black_wool":1,"minecraft:coal":38},"minecraft:used":{"minecraft:moss_block":1,"megamons:anistarite_rough_geode_block":6,"minecraft:shield":17,"minecraft:rotten_flesh":1,"minecraft:torch":23,"minecraft:dirt":3,"minecraft:mutton":2,"minecraft:acacia_sapling":2,"minecraft:tuff":4,"minecraft:wooden_axe":33,"minecraft:iron_axe":56,"cobblemon:apricorn_planks":6,"minecraft:iron_boots":1,"minecraft:beef":7,"minecraft:tall_grass":2,"minecraft:furnace":9,"minecraft:oak_sapling":1,"minecraft:cooked_beef":5,"minecraft:acacia_planks":21,"minecraft:cobbled_deepslate":60,"minecraft:cooked_mutton":11,"minecraft:acacia_boat":4,"minecraft:diorite":2,"minecraft:stone_pickaxe":177,"minecraft:oak_planks":21,"minecraft:wooden_pickaxe":14,"minecraft:salmon":2,"minecraft:white_wool":7,"minecraft:terracotta":5,"minecraft:crafting_table":12,"megamons:anistarite_geode_block":27,"minecraft:diamond_pickaxe":456,"minecraft:red_sandstone":2,"minecraft:apple":1,"minecraft:bread":1,"minecraft:chicken":2,"minecraft:melon_slice":45,"minecraft:iron_pickaxe":248,"minecraft:stone_axe":103,"minecraft:cobblestone":44,"minecraft:cooked_porkchop":1,"cobblemon:medicinal_leek":24,"minecraft:porkchop":4,"minecraft:andesite":8,"minecraft:oak_boat":2},"minecraft:killed_by":{"minecraft:skeleton":2},"minecraft:dropped":{"minecraft:iron_ingot":3,"minecraft:porkchop":1,"minecraft:moss_block":3,"minecraft:wheat_seeds":8,"minecraft:clock":1,"minecraft:crafting_table":1,"minecraft:yellow_terracotta":1,"minecraft:feather":1,"minecraft:cobblestone":62,"cobblemon:chilan_berry":16,"cobblemon:oran_berry":5,"minecraft:stick":2,"minecraft:dirt":28,"cobblemon:medicinal_leek":4,"minecraft:gray_wool":2,"minecraft:diorite":1,"minecraft:torch":4,"cobblemon:poke_ball":3,"minecraft:melon_slice":10,"minecraft:gold_nugget":3,"minecraft:amethyst_shard":1,"minecraft:string":1,"minecraft:acacia_planks":4,"minecraft:stone_axe":1,"minecraft:golden_chestplate":2,"minecraft:cobbled_deepslate":6,"minecraft:raw_copper":15,"minecraft:obsidian":1,"minecraft:raw_iron":10,"minecraft:rotten_flesh":6,"minecraft:iron_chestplate":1,"minecraft:andesite":2,"minecraft:chest":2,"minecraft:oak_sapling":1,"minecraft:wooden_pickaxe":2,"minecraft:stone_pickaxe":1,"minecraft:black_wool":1},"minecraft:broken":{"minecraft:stone_pickaxe":1,"minecraft:stone_axe":1,"minecraft:iron_pickaxe":1,"minecraft:wooden_axe":1},"minecraft:crafted":{"minecraft:oak_planks":32,"cobblemon:apricorn_planks":20,"minecraft:furnace":1,"minecraft:cooked_mutton":11,"minecraft:iron_boots":1,"minecraft:iron_axe":1,"minecraft:stone_pickaxe":2,"minecraft:chest":1,"minecraft:cooked_beef":4,"minecraft:wooden_shovel":1,"minecraft:cooked_porkchop":1,"minecraft:crafting_table":8,"minecraft:wooden_pickaxe":2,"minecraft:copper_ingot":3,"cobblemon:roseate_ball":8,"minecraft:stone_axe":1,"minecraft:acacia_boat":1,"minecraft:air":0,"cobblemon:poke_ball":12,"minecraft:iron_chestplate":1,"minecraft:diamond_pickaxe":1,"minecraft:shield":1,"minecraft:stick":28,"minecraft:iron_ingot":18,"minecraft:iron_pickaxe":1,"minecraft:acacia_planks":76,"minecraft:torch":16}},"DataVersion":3465}