{"stats":{"minecraft:killed":{"minecraft:pig":4,"cobblemon:pokemon":3,"minecraft:salmon":19,"minecraft:skeleton":5,"minecraft:sheep":2,"minecraft:zombie":5,"minecraft:cow":2},"minecraft:mined":{"minecraft:tuff":1,"minecraft:flowering_azalea":1,"cobblemon:pecha_berry":1,"minecraft:deepslate_diamond_ore":3,"cobblemon:rawst_berry":1,"minecraft:orange_terracotta":1,"minecraft:ladder":1,"cobblemon:apricorn_log":3,"minecraft:brewing_stand":1,"cobblemon:blue_mint":3,"minecraft:crafting_table":3,"cobblemon:apricorn_leaves":5,"minecraft:torch":2,"minecraft:acacia_log":10,"minecraft:grass_block":3,"minecraft:melon":30,"minecraft:dead_bush":1,"minecraft:copper_ore":15,"cobblemon:pinap_berry":3,"minecraft:tall_grass":6,"minecraft:oak_planks":3,"cobblemon:oran_berry":1,"minecraft:wall_torch":2,"minecraft:tall_seagrass":1,"minecraft:seagrass":3,"minecraft:furnace":3,"minecraft:red_sandstone":6,"minecraft:iron_ore":7,"minecraft:cobbled_deepslate":2,"cobblemon:medicinal_leek":43,"minecraft:smooth_red_sandstone":2,"minecraft:grass":51,"minecraft:coal_ore":16,"minecraft:deepslate_iron_ore":5,"cobblemon:white_mint":3,"minecraft:gravel":1,"minecraft:sand":1,"minecraft:terracotta":2,"minecraft:bamboo":1,"minecraft:acacia_planks":4,"minecraft:stone":28,"minecraft:deepslate":22,"minecraft:oak_leaves":1,"minecraft:fern":1},"minecraft:custom":{"minecraft:interact_with_furnace":16,"minecraft:mob_kills":40,"minecraft:interact_with_crafting_table":21,"minecraft:leave_game":1,"minecraft:time_since_death":18696,"minecraft:sleep_in_bed":1,"minecraft:climb_one_cm":3386,"minecraft:time_since_rest":18851,"minecraft:sprint_one_cm":418696,"minecraft:damage_taken":1314,"minecraft:walk_one_cm":173613,"minecraft:drop":15,"minecraft:damage_dealt":6317,"minecraft:talked_to_villager":1,"minecraft:swim_one_cm":79938,"minecraft:fly_one_cm":1040012,"minecraft:open_chest":5,"minecraft:crouch_one_cm":5299,"minecraft:play_time":110686,"minecraft:deaths":2,"minecraft:sneak_time":1767,"minecraft:walk_under_water_one_cm":11566,"minecraft:jump":4188,"minecraft:interact_with_brewingstand":1,"minecraft:walk_on_water_one_cm":37450,"minecraft:total_world_time":110686,"minecraft:fall_one_cm":125546},"minecraft:picked_up":{"minecraft:crafting_table":4,"minecraft:feather":1,"minecraft:chicken":2,"minecraft:smooth_red_sandstone":1,"minecraft:salmon":14,"cobblemon:blue_mint_leaf":1,"minecraft:leather":1,"cobblemon:charti_berry":1,"minecraft:tuff":1,"cobblemon:slate_ball":1,"minecraft:brewing_stand":1,"minecraft:dirt":3,"minecraft:raw_copper":50,"minecraft:bone":4,"minecraft:acacia_planks":7,"minecraft:red_sandstone":2,"minecraft:bow":1,"cobblemon:black_apricorn":5,"minecraft:wheat_seeds":37,"minecraft:cobbled_deepslate":22,"cobblemon:green_apricorn":6,"minecraft:beef":6,"cobblemon:oran_berry":13,"minecraft:bamboo":11,"minecraft:melon_slice":131,"minecraft:flowering_azalea":1,"minecraft:oak_planks":3,"cobblemon:apricorn_log":1,"minecraft:furnace":3,"minecraft:egg":4,"cobblemon:chilan_berry":3,"minecraft:stick":4,"minecraft:raw_iron":13,"minecraft:torch":4,"minecraft:acacia_log":10,"minecraft:gravel":1,"minecraft:porkchop":6,"cobblemon:white_mint_seeds":3,"cobblemon:persim_berry":4,"cobblemon:pink_apricorn":4,"cobblemon:blue_mint_seeds":3,"minecraft:arrow":11,"minecraft:rotten_flesh":7,"minecraft:diamond":3,"minecraft:terracotta":1,"cobblemon:chesto_berry":5,"cobblemon:medicinal_leek":54,"minecraft:black_wool":1,"minecraft:mutton":3,"cobblemon:verdant_ball":5,"minecraft:coal":30,"minecraft:white_wool":1,"minecraft:cobblestone":28},"minecraft:used":{"minecraft:stone_pickaxe":120,"minecraft:wooden_pickaxe":10,"minecraft:rotten_flesh":7,"minecraft:white_wool":1,"minecraft:torch":8,"minecraft:terracotta":1,"minecraft:mutton":3,"minecraft:crafting_table":7,"minecraft:tuff":1,"minecraft:wooden_axe":25,"minecraft:red_sandstone":2,"minecraft:iron_axe":145,"minecraft:melon_slice":78,"minecraft:iron_pickaxe":13,"cobblemon:apricorn_planks":4,"minecraft:gravel":1,"minecraft:cobblestone":3,"minecraft:bow":14,"minecraft:beef":6,"cobblemon:medicinal_leek":39,"minecraft:furnace":4,"minecraft:cobbled_deepslate":2,"minecraft:egg":1},"minecraft:killed_by":{"minecraft:skeleton":1},"minecraft:dropped":{"minecraft:feather":1,"minecraft:cobblestone":11,"minecraft:stick":1,"minecraft:dirt":1,"minecraft:smooth_red_sandstone":1,"minecraft:wooden_axe":1,"minecraft:melon_slice":42,"minecraft:wooden_pickaxe":1,"minecraft:acacia_planks":1},"minecraft:crafted":{"minecraft:crafting_table":4,"cobblemon:slate_ball":4,"cobblemon:verdant_ball":4,"minecraft:wooden_pickaxe":2,"cobblemon:apricorn_planks":4,"minecraft:furnace":2,"minecraft:copper_ingot":14,"minecraft:air":0,"minecraft:iron_axe":1,"minecraft:stick":12,"minecraft:iron_pickaxe":1,"minecraft:iron_ingot":9,"minecraft:stone_pickaxe":3,"minecraft:wooden_axe":2,"minecraft:acacia_planks":40,"minecraft:torch":4}},"DataVersion":3465}