{"stats":{"minecraft:killed":{"minecraft:pig":1,"cobblemon:pokemon":1,"minecraft:skeleton":4,"minecraft:sheep":2,"minecraft:cow":2},"minecraft:mined":{"cobblemon:pecha_berry":1,"cobblemon:rawst_berry":1,"minecraft:brewing_stand":1,"cobblemon:blue_mint":3,"minecraft:crafting_table":2,"minecraft:torch":2,"minecraft:acacia_log":10,"minecraft:grass_block":3,"minecraft:melon":22,"minecraft:copper_ore":15,"cobblemon:pinap_berry":3,"minecraft:tall_grass":5,"cobblemon:oran_berry":1,"minecraft:wall_torch":2,"minecraft:furnace":2,"minecraft:iron_ore":7,"cobblemon:medicinal_leek":21,"minecraft:grass":30,"minecraft:coal_ore":16,"minecraft:stone":28},"minecraft:custom":{"minecraft:interact_with_furnace":6,"minecraft:mob_kills":10,"minecraft:interact_with_crafting_table":15,"minecraft:leave_game":1,"minecraft:time_since_death":39919,"minecraft:time_since_rest":39945,"minecraft:sprint_one_cm":183760,"minecraft:damage_taken":535,"minecraft:walk_one_cm":81019,"minecraft:drop":1,"minecraft:damage_dealt":1782,"minecraft:swim_one_cm":26224,"minecraft:fly_one_cm":416756,"minecraft:crouch_one_cm":3618,"minecraft:play_time":50686,"minecraft:deaths":1,"minecraft:sneak_time":1053,"minecraft:walk_under_water_one_cm":2593,"minecraft:jump":1776,"minecraft:interact_with_brewingstand":1,"minecraft:walk_on_water_one_cm":14427,"minecraft:total_world_time":50686,"minecraft:fall_one_cm":47867},"minecraft:picked_up":{"minecraft:crafting_table":3,"minecraft:feather":1,"minecraft:chicken":1,"cobblemon:blue_mint_leaf":1,"minecraft:leather":1,"cobblemon:charti_berry":1,"minecraft:brewing_stand":1,"minecraft:dirt":3,"minecraft:raw_copper":50,"minecraft:bone":4,"minecraft:acacia_planks":3,"minecraft:wheat_seeds":31,"cobblemon:green_apricorn":6,"minecraft:beef":6,"cobblemon:oran_berry":13,"minecraft:melon_slice":115,"minecraft:furnace":2,"minecraft:egg":3,"cobblemon:chilan_berry":3,"minecraft:stick":4,"minecraft:raw_iron":8,"minecraft:torch":4,"minecraft:acacia_log":10,"minecraft:porkchop":1,"cobblemon:pink_apricorn":4,"cobblemon:blue_mint_seeds":3,"minecraft:arrow":7,"minecraft:rotten_flesh":4,"cobblemon:medicinal_leek":22,"minecraft:black_wool":1,"minecraft:mutton":3,"cobblemon:verdant_ball":3,"minecraft:coal":30,"minecraft:white_wool":1,"minecraft:cobblestone":28},"minecraft:used":{"minecraft:stone_pickaxe":65,"minecraft:wooden_pickaxe":6,"minecraft:rotten_flesh":4,"minecraft:torch":4,"minecraft:mutton":3,"minecraft:crafting_table":5,"minecraft:wooden_axe":25,"minecraft:iron_axe":40,"minecraft:melon_slice":22,"minecraft:cobblestone":3,"minecraft:beef":6,"cobblemon:medicinal_leek":10,"minecraft:furnace":2,"minecraft:egg":1},"minecraft:killed_by":{"minecraft:skeleton":1},"minecraft:dropped":{"minecraft:dirt":1},"minecraft:crafted":{"minecraft:crafting_table":3,"cobblemon:verdant_ball":4,"minecraft:wooden_pickaxe":1,"minecraft:furnace":1,"minecraft:copper_ingot":13,"minecraft:air":0,"minecraft:iron_axe":1,"minecraft:stick":12,"minecraft:iron_ingot":6,"minecraft:stone_pickaxe":2,"minecraft:wooden_axe":2,"minecraft:acacia_planks":40,"minecraft:torch":4}},"DataVersion":3465}