{"stats":{"minecraft:killed":{"minecraft:skeleton":5,"minecraft:pig":4,"cobblemon:pokemon":3,"minecraft:salmon":19,"minecraft:sheep":2,"minecraft:zombie":5,"minecraft:cow":2},"minecraft:custom":{"minecraft:mob_kills":40,"minecraft:interact_with_crafting_table":23,"minecraft:leave_game":1,"minecraft:time_since_death":30696,"minecraft:climb_one_cm":4125,"minecraft:sprint_one_cm":435654,"minecraft:walk_one_cm":196642,"minecraft:drop":15,"minecraft:talked_to_villager":1,"minecraft:play_time":122686,"minecraft:deaths":2,"minecraft:sneak_time":3254,"minecraft:walk_under_water_one_cm":14258,"minecraft:jump":4418,"minecraft:interact_with_brewingstand":1,"minecraft:walk_on_water_one_cm":44143,"minecraft:total_world_time":122686,"minecraft:interact_with_furnace":18,"minecraft:sleep_in_bed":1,"minecraft:time_since_rest":30851,"minecraft:damage_taken":1359,"minecraft:damage_dealt":6366,"minecraft:swim_one_cm":79938,"minecraft:fly_one_cm":1060704,"minecraft:open_chest":5,"minecraft:crouch_one_cm":9185,"minecraft:fall_one_cm":128695},"minecraft:mined":{"minecraft:tuff":9,"minecraft:deepslate_diamond_ore":9,"cobblemon:apricorn_log":3,"minecraft:brewing_stand":1,"minecraft:cave_vines_plant":8,"minecraft:ladder":1,"minecraft:acacia_log":10,"minecraft:grass_block":3,"minecraft:moss_block":9,"minecraft:tall_seagrass":1,"minecraft:spore_blossom":1,"minecraft:furnace":3,"minecraft:red_sandstone":6,"minecraft:iron_ore":7,"minecraft:cobbled_deepslate":5,"minecraft:deepslate_lapis_ore":10,"cobblemon:medicinal_leek":43,"minecraft:smooth_red_sandstone":2,"minecraft:cave_vines":12,"minecraft:deepslate_iron_ore":19,"minecraft:bamboo":1,"minecraft:azalea":1,"minecraft:stone":28,"megamons:anistarite_rough_geode_block":1,"minecraft:deepslate_redstone_ore":8,"minecraft:flowering_azalea":1,"cobblemon:pecha_berry":1,"cobblemon:rawst_berry":1,"cobblemon:revival_herb":3,"minecraft:orange_terracotta":1,"minecraft:crafting_table":3,"cobblemon:blue_mint":3,"cobblemon:apricorn_planks":4,"minecraft:torch":2,"cobblemon:apricorn_leaves":5,"minecraft:melon":30,"minecraft:dead_bush":1,"minecraft:tall_grass":7,"cobblemon:pinap_berry":3,"minecraft:copper_ore":27,"minecraft:deepslate_gold_ore":8,"minecraft:oak_planks":4,"cobblemon:oran_berry":1,"minecraft:wall_torch":2,"minecraft:deepslate_copper_ore":10,"minecraft:seagrass":3,"cobblemon:deepslate_leaf_stone_ore":1,"minecraft:grass":55,"minecraft:coal_ore":16,"cobblemon:white_mint":3,"minecraft:gravel":1,"minecraft:sand":1,"minecraft:terracotta":2,"minecraft:acacia_planks":4,"minecraft:oak_leaves":1,"minecraft:deepslate":69,"minecraft:fern":1},"minecraft:picked_up":{"cobblemon:leaf_stone":1,"minecraft:crafting_table":4,"minecraft:chicken":2,"cobblemon:blue_mint_leaf":1,"cobblemon:charti_berry":1,"minecraft:brewing_stand":1,"cobblemon:revival_herb":10,"minecraft:raw_copper":127,"minecraft:cobbled_deepslate":71,"cobblemon:green_apricorn":6,"minecraft:beef":6,"cobblemon:oran_berry":13,"minecraft:azalea":1,"cobblemon:pep_up_flower":3,"minecraft:melon_slice":131,"minecraft:egg":4,"minecraft:furnace":3,"minecraft:raw_iron":27,"minecraft:stick":4,"cobblemon:apricorn_log":1,"minecraft:torch":4,"minecraft:acacia_log":10,"minecraft:porkchop":6,"cobblemon:white_mint_seeds":3,"minecraft:redstone":35,"cobblemon:blue_mint_seeds":3,"minecraft:arrow":11,"minecraft:rotten_flesh":7,"minecraft:glow_berries":16,"minecraft:mutton":3,"cobblemon:verdant_ball":5,"minecraft:white_wool":1,"minecraft:cobblestone":28,"minecraft:feather":1,"minecraft:smooth_red_sandstone":1,"minecraft:salmon":14,"minecraft:leather":1,"minecraft:tuff":8,"cobblemon:slate_ball":1,"minecraft:lapis_lazuli":69,"minecraft:dirt":3,"minecraft:bone":4,"minecraft:acacia_planks":7,"minecraft:wheat_seeds":37,"minecraft:bow":1,"minecraft:red_sandstone":2,"cobblemon:black_apricorn":5,"minecraft:raw_gold":8,"minecraft:spore_blossom":1,"minecraft:bamboo":11,"minecraft:moss_block":8,"minecraft:oak_planks":4,"minecraft:flowering_azalea":1,"cobblemon:apricorn_planks":4,"cobblemon:chilan_berry":3,"minecraft:gravel":1,"cobblemon:persim_berry":4,"cobblemon:pink_apricorn":4,"megamons:anistarite_rough_geode_block":1,"minecraft:diamond":9,"minecraft:terracotta":1,"cobblemon:medicinal_leek":54,"cobblemon:chesto_berry":5,"minecraft:black_wool":1,"minecraft:coal":30},"minecraft:used":{"minecraft:moss_block":3,"minecraft:rotten_flesh":7,"minecraft:torch":8,"minecraft:mutton":3,"minecraft:tuff":1,"minecraft:wooden_axe":25,"minecraft:iron_axe":148,"cobblemon:apricorn_planks":4,"minecraft:bow":14,"minecraft:beef":6,"minecraft:furnace":4,"minecraft:egg":1,"minecraft:cobbled_deepslate":49,"minecraft:stone_pickaxe":120,"minecraft:wooden_pickaxe":10,"minecraft:white_wool":1,"minecraft:glow_berries":10,"minecraft:terracotta":1,"minecraft:crafting_table":7,"minecraft:red_sandstone":2,"minecraft:melon_slice":78,"minecraft:iron_pickaxe":160,"minecraft:gravel":1,"minecraft:cobblestone":3,"cobblemon:medicinal_leek":39},"minecraft:killed_by":{"minecraft:skeleton":1},"minecraft:dropped":{"minecraft:feather":1,"minecraft:cobblestone":11,"minecraft:stick":1,"minecraft:dirt":1,"minecraft:smooth_red_sandstone":1,"minecraft:wooden_axe":1,"minecraft:melon_slice":42,"minecraft:acacia_planks":1,"minecraft:wooden_pickaxe":1},"minecraft:crafted":{"cobblemon:slate_ball":4,"cobblemon:apricorn_planks":4,"minecraft:furnace":2,"minecraft:iron_axe":2,"minecraft:stone_pickaxe":3,"minecraft:crafting_table":4,"minecraft:wooden_pickaxe":2,"cobblemon:verdant_ball":4,"minecraft:copper_ingot":14,"minecraft:air":0,"minecraft:stick":12,"minecraft:iron_ingot":12,"minecraft:iron_pickaxe":1,"minecraft:wooden_axe":2,"minecraft:acacia_planks":40,"minecraft:torch":4}},"DataVersion":3465}