{"stats":{"minecraft:killed":{"minecraft:pig":4,"cobblemon:pokemon":3,"minecraft:salmon":19,"minecraft:skeleton":5,"minecraft:sheep":2,"minecraft:zombie":2,"minecraft:cow":2},"minecraft:mined":{"cobblemon:pecha_berry":1,"cobblemon:rawst_berry":1,"minecraft:orange_terracotta":1,"minecraft:ladder":1,"cobblemon:apricorn_log":2,"minecraft:brewing_stand":1,"cobblemon:blue_mint":3,"minecraft:crafting_table":2,"cobblemon:apricorn_leaves":5,"minecraft:torch":2,"minecraft:acacia_log":10,"minecraft:grass_block":3,"minecraft:melon":30,"minecraft:dead_bush":1,"minecraft:copper_ore":15,"cobblemon:pinap_berry":3,"minecraft:tall_grass":6,"cobblemon:oran_berry":1,"minecraft:wall_torch":2,"minecraft:tall_seagrass":1,"minecraft:seagrass":2,"minecraft:furnace":2,"minecraft:red_sandstone":6,"minecraft:iron_ore":7,"cobblemon:medicinal_leek":35,"minecraft:smooth_red_sandstone":2,"minecraft:grass":49,"minecraft:coal_ore":16,"cobblemon:white_mint":3,"minecraft:gravel":1,"minecraft:sand":1,"minecraft:terracotta":2,"minecraft:bamboo":1,"minecraft:stone":28,"minecraft:oak_leaves":1,"minecraft:fern":1},"minecraft:custom":{"minecraft:interact_with_furnace":7,"minecraft:mob_kills":37,"minecraft:interact_with_crafting_table":16,"minecraft:leave_game":1,"minecraft:time_since_death":6696,"minecraft:sleep_in_bed":1,"minecraft:climb_one_cm":1099,"minecraft:time_since_rest":6851,"minecraft:sprint_one_cm":394784,"minecraft:damage_taken":1149,"minecraft:walk_one_cm":150460,"minecraft:drop":15,"minecraft:damage_dealt":5776,"minecraft:talked_to_villager":1,"minecraft:swim_one_cm":79484,"minecraft:fly_one_cm":985497,"minecraft:open_chest":2,"minecraft:crouch_one_cm":4237,"minecraft:play_time":98686,"minecraft:deaths":2,"minecraft:sneak_time":1318,"minecraft:walk_under_water_one_cm":11466,"minecraft:jump":3926,"minecraft:interact_with_brewingstand":1,"minecraft:walk_on_water_one_cm":35264,"minecraft:total_world_time":98686,"minecraft:fall_one_cm":116199},"minecraft:picked_up":{"minecraft:crafting_table":3,"minecraft:feather":1,"minecraft:chicken":2,"minecraft:smooth_red_sandstone":1,"minecraft:salmon":14,"cobblemon:blue_mint_leaf":1,"minecraft:leather":1,"cobblemon:charti_berry":1,"cobblemon:slate_ball":1,"minecraft:brewing_stand":1,"minecraft:dirt":3,"minecraft:raw_copper":50,"minecraft:bone":4,"minecraft:acacia_planks":3,"minecraft:red_sandstone":2,"minecraft:bow":1,"cobblemon:black_apricorn":5,"minecraft:wheat_seeds":37,"cobblemon:green_apricorn":6,"minecraft:beef":6,"cobblemon:oran_berry":13,"minecraft:bamboo":11,"minecraft:melon_slice":131,"minecraft:furnace":2,"minecraft:egg":4,"cobblemon:chilan_berry":3,"minecraft:stick":4,"minecraft:raw_iron":8,"minecraft:torch":4,"minecraft:acacia_log":10,"minecraft:gravel":1,"minecraft:porkchop":6,"cobblemon:white_mint_seeds":3,"cobblemon:persim_berry":4,"cobblemon:pink_apricorn":4,"cobblemon:blue_mint_seeds":3,"minecraft:arrow":10,"minecraft:rotten_flesh":4,"minecraft:terracotta":1,"cobblemon:chesto_berry":5,"cobblemon:medicinal_leek":45,"minecraft:black_wool":1,"minecraft:mutton":3,"cobblemon:verdant_ball":5,"minecraft:coal":30,"minecraft:white_wool":1,"minecraft:cobblestone":28},"minecraft:used":{"minecraft:stone_pickaxe":81,"minecraft:wooden_pickaxe":6,"minecraft:rotten_flesh":4,"minecraft:white_wool":1,"minecraft:torch":8,"minecraft:terracotta":1,"minecraft:mutton":3,"minecraft:crafting_table":6,"minecraft:wooden_axe":25,"minecraft:red_sandstone":2,"minecraft:iron_axe":145,"minecraft:melon_slice":78,"minecraft:gravel":1,"minecraft:cobblestone":3,"minecraft:bow":13,"minecraft:beef":6,"cobblemon:medicinal_leek":28,"minecraft:furnace":2,"minecraft:egg":1},"minecraft:killed_by":{"minecraft:skeleton":1},"minecraft:dropped":{"minecraft:feather":1,"minecraft:cobblestone":11,"minecraft:stick":1,"minecraft:dirt":1,"minecraft:smooth_red_sandstone":1,"minecraft:wooden_axe":1,"minecraft:melon_slice":42,"minecraft:wooden_pickaxe":1,"minecraft:acacia_planks":1},"minecraft:crafted":{"minecraft:crafting_table":3,"cobblemon:slate_ball":4,"cobblemon:verdant_ball":4,"minecraft:wooden_pickaxe":1,"minecraft:furnace":1,"minecraft:copper_ingot":14,"minecraft:air":0,"minecraft:iron_axe":1,"minecraft:stick":12,"minecraft:iron_ingot":6,"minecraft:stone_pickaxe":2,"minecraft:wooden_axe":2,"minecraft:acacia_planks":40,"minecraft:torch":4}},"DataVersion":3465}