{"stats":{"minecraft:killed":{"minecraft:spider":5,"minecraft:skeleton":15,"minecraft:drowned":1,"minecraft:husk":7,"minecraft:pig":4,"cobblemon:pokemon":5,"minecraft:salmon":29,"minecraft:creeper":2,"minecraft:sheep":2,"minecraft:zombie":8,"minecraft:player":1,"minecraft:cow":2},"minecraft:custom":{"minecraft:mob_kills":80,"minecraft:animals_bred":1,"minecraft:interact_with_crafting_table":36,"minecraft:leave_game":1,"minecraft:time_since_death":19263,"minecraft:climb_one_cm":6900,"minecraft:sprint_one_cm":720659,"minecraft:walk_one_cm":357589,"minecraft:damage_blocked_by_shield":235,"minecraft:drop":55,"minecraft:talked_to_villager":1,"minecraft:play_time":242306,"minecraft:deaths":3,"minecraft:sneak_time":4062,"minecraft:walk_under_water_one_cm":36010,"minecraft:boat_one_cm":785617,"minecraft:jump":6935,"minecraft:interact_with_brewingstand":2,"minecraft:walk_on_water_one_cm":74532,"minecraft:total_world_time":242306,"minecraft:interact_with_furnace":37,"minecraft:sleep_in_bed":2,"minecraft:time_since_rest":19308,"minecraft:damage_taken":2674,"minecraft:damage_dealt":11894,"minecraft:player_kills":1,"minecraft:swim_one_cm":125923,"minecraft:fly_one_cm":1671789,"minecraft:open_chest":31,"minecraft:crouch_one_cm":11603,"minecraft:fall_one_cm":186452,"minecraft:horse_one_cm":55608},"minecraft:mined":{"minecraft:tuff":10,"minecraft:deepslate_diamond_ore":9,"minecraft:mangrove_roots":3,"cobblemon:apricorn_log":3,"minecraft:brewing_stand":1,"megamons:crystal_shiny_stone_ore":1,"minecraft:granite":5,"minecraft:cave_vines_plant":8,"minecraft:ladder":1,"minecraft:acacia_log":10,"minecraft:grass_block":3,"minecraft:moss_block":9,"minecraft:sandstone":20,"minecraft:hay_block":10,"minecraft:spawner":1,"minecraft:spore_blossom":1,"minecraft:tall_seagrass":1,"minecraft:magma_block":5,"minecraft:furnace":3,"minecraft:red_sandstone":6,"minecraft:iron_ore":7,"minecraft:cobbled_deepslate":5,"minecraft:deepslate_lapis_ore":10,"cobblemon:medicinal_leek":103,"minecraft:smooth_red_sandstone":2,"minecraft:cave_vines":12,"minecraft:deepslate_iron_ore":20,"megamons:crystal_ice_stone_ore":1,"minecraft:stripped_oak_log":6,"minecraft:bamboo":1,"minecraft:azalea":1,"minecraft:stone":70,"megamons:anistarite_rough_geode_block":2,"minecraft:deepslate_redstone_ore":8,"minecraft:flowering_azalea":1,"megamons:anistarite_geode_block":14,"cobblemon:pecha_berry":1,"cobblemon:rawst_berry":1,"minecraft:stone_brick_slab":1,"cobblemon:revival_herb":3,"minecraft:orange_terracotta":1,"cobblemon:blue_mint":3,"cobblemon:apricorn_planks":4,"minecraft:crafting_table":3,"minecraft:torch":2,"cobblemon:apricorn_leaves":5,"minecraft:oak_wood":3,"minecraft:melon":37,"minecraft:dead_bush":46,"minecraft:copper_ore":27,"cobblemon:pinap_berry":3,"minecraft:tall_grass":7,"minecraft:cobblestone":1,"megamons:crystal_moon_stone_ore":1,"minecraft:deepslate_gold_ore":8,"cobblemon:oran_berry":1,"minecraft:oak_planks":4,"minecraft:sugar_cane":2,"cobblemon:relic_coin_pouch":1,"minecraft:wall_torch":2,"minecraft:deepslate_copper_ore":10,"minecraft:seagrass":4,"minecraft:coarse_dirt":2,"cobblemon:deepslate_leaf_stone_ore":1,"minecraft:wheat":2,"cobblemon:persim_berry":1,"minecraft:grass":59,"megamons:crystal_dawn_stone_ore":3,"minecraft:oak_log":15,"minecraft:coal_ore":16,"minecraft:beetroots":1,"cobblemon:white_mint":3,"minecraft:gravel":1,"minecraft:sand":7,"minecraft:terracotta":2,"minecraft:acacia_planks":4,"minecraft:netherrack":59,"minecraft:oak_leaves":10,"minecraft:deepslate":78,"minecraft:fern":3},"minecraft:picked_up":{"minecraft:iron_chestplate":2,"minecraft:crafting_table":5,"minecraft:coarse_dirt":2,"cobblemon:leaf_stone":4,"minecraft:chicken":2,"cobblemon:blue_mint_leaf":1,"cobblemon:sport_ball":1,"cobblemon:charti_berry":1,"minecraft:brewing_stand":4,"minecraft:shield":1,"cobblemon:cyan_mint_seeds":1,"minecraft:moss_carpet":2,"minecraft:iron_axe":2,"minecraft:string":12,"minecraft:raw_copper":225,"cobblemon:revival_herb":14,"minecraft:flint_and_steel":1,"minecraft:iron_leggings":1,"minecraft:cobbled_deepslate":80,"cobblemon:green_apricorn":6,"minecraft:beef":6,"cobblemon:relic_coin":12,"cobblemon:oran_berry":17,"minecraft:oak_boat":7,"cobblemon:quick_ball":2,"minecraft:jungle_sapling":1,"minecraft:azalea":1,"minecraft:enchanted_golden_apple":1,"cobblemon:dusk_stone":2,"cobblemon:pep_up_flower":9,"minecraft:melon_slice":153,"minecraft:sugar_cane":18,"minecraft:iron_boots":1,"minecraft:furnace":3,"minecraft:egg":4,"minecraft:sandstone":13,"cobblemon:apricorn_log":1,"minecraft:stick":44,"minecraft:raw_iron":53,"minecraft:torch":5,"minecraft:acacia_log":10,"minecraft:porkchop":8,"cobblemon:white_mint_seeds":3,"minecraft:carrot":2,"minecraft:redstone":70,"minecraft:iron_horse_armor":1,"cobblemon:blue_mint_seeds":3,"cobblemon:dawn_stone":6,"minecraft:arrow":25,"minecraft:rotten_flesh":35,"minecraft:beetroot_seeds":1,"minecraft:hay_block":10,"minecraft:mangrove_roots":3,"minecraft:glow_berries":16,"minecraft:mutton":3,"cobblemon:verdant_ball":5,"cobblemon:blue_apricorn":2,"minecraft:white_wool":1,"minecraft:cobblestone":83,"minecraft:stripped_oak_log":6,"minecraft:feather":2,"minecraft:smooth_red_sandstone":1,"minecraft:salmon":25,"minecraft:leather":3,"cobblemon:pinap_berry":9,"minecraft:tuff":8,"cobblemon:slate_ball":1,"minecraft:oak_log":13,"minecraft:gunpowder":14,"minecraft:lapis_lazuli":171,"megamons:anistarite_geode_block":11,"minecraft:dirt":3,"minecraft:bone":21,"minecraft:acacia_planks":7,"minecraft:kelp":6,"minecraft:wheat_seeds":45,"minecraft:bow":1,"minecraft:red_sandstone":2,"cobblemon:black_apricorn":13,"minecraft:raw_gold":24,"minecraft:spore_blossom":1,"minecraft:iron_ingot":27,"minecraft:rabbit":1,"minecraft:bamboo":11,"cobblemon:moon_stone":2,"minecraft:moss_block":8,"minecraft:mangrove_planks":8,"minecraft:oak_planks":4,"minecraft:flowering_azalea":1,"cobblemon:poison_barb":1,"cobblemon:apricorn_planks":7,"cobblemon:chilan_berry":3,"cobblemon:red_apricorn_seed":1,"patchouli:guide_book":1,"minecraft:stone_brick_slab":1,"cobblemon:shiny_stone":2,"minecraft:gravel":1,"minecraft:sand":12,"cobblemon:persim_berry":8,"cobblemon:pink_apricorn":4,"minecraft:spider_eye":3,"megamons:anistarite_rough_geode_block":3,"minecraft:oak_wood":3,"minecraft:diamond":18,"cobblemon:poke_ball":7,"minecraft:granite":3,"minecraft:bone_meal":7,"minecraft:golden_apple":1,"cobblemon:ice_stone":2,"minecraft:golden_horse_armor":1,"cobblemon:water_stone":1,"minecraft:terracotta":1,"cobblemon:medicinal_leek":156,"cobblemon:chesto_berry":15,"minecraft:netherrack":12,"minecraft:black_wool":1,"minecraft:coal":30},"minecraft:used":{"minecraft:moss_block":3,"cobblemon:charti_berry":4,"megamons:anistarite_rough_geode_block":2,"minecraft:flint_and_steel":1,"minecraft:shield":8,"minecraft:chest":2,"minecraft:rotten_flesh":25,"minecraft:netherrack":5,"minecraft:torch":8,"cobblemon:chesto_berry":5,"minecraft:brewing_stand":1,"minecraft:mutton":3,"minecraft:carrot":1,"minecraft:tuff":4,"minecraft:granite":3,"minecraft:iron_hoe":10,"minecraft:stone_brick_slab":1,"minecraft:wooden_axe":25,"minecraft:iron_axe":284,"cobblemon:apricorn_planks":8,"minecraft:bow":14,"minecraft:beef":6,"minecraft:furnace":5,"minecraft:beetroot_seeds":1,"minecraft:egg":1,"minecraft:cobbled_deepslate":69,"minecraft:wheat_seeds":7,"minecraft:stone_pickaxe":196,"cobblemon:pinap_berry":11,"minecraft:oak_planks":9,"minecraft:wooden_pickaxe":10,"minecraft:sandstone":12,"minecraft:sugar_cane":9,"cobblemon:persim_berry":29,"minecraft:white_wool":1,"minecraft:glow_berries":16,"minecraft:terracotta":1,"minecraft:crafting_table":9,"cobblemon:chilan_berry":14,"minecraft:red_sandstone":2,"minecraft:bread":9,"minecraft:melon_slice":92,"minecraft:iron_pickaxe":254,"minecraft:gravel":1,"minecraft:cobblestone":43,"cobblemon:medicinal_leek":98,"minecraft:porkchop":2,"minecraft:bone_meal":13,"minecraft:oak_boat":3,"minecraft:coarse_dirt":2},"minecraft:killed_by":{"minecraft:player":1,"minecraft:skeleton":1},"minecraft:dropped":{"cobblemon:pinap_berry":9,"minecraft:moss_block":5,"minecraft:lapis_lazuli":41,"minecraft:spore_blossom":1,"minecraft:crafting_table":1,"minecraft:feather":3,"minecraft:cobblestone":18,"minecraft:stick":2,"minecraft:dirt":1,"minecraft:smooth_red_sandstone":1,"minecraft:brewing_stand":2,"minecraft:wooden_axe":1,"minecraft:melon_slice":42,"cobblemon:pep_up_flower":3,"minecraft:jungle_sapling":1,"minecraft:sand":12,"minecraft:iron_pickaxe":1,"minecraft:acacia_planks":1,"minecraft:bone":5,"minecraft:kelp":6,"minecraft:mangrove_roots":3,"minecraft:iron_nugget":1,"minecraft:raw_copper":175,"minecraft:wheat":1,"minecraft:rotten_flesh":7,"cobblemon:chesto_berry":5,"minecraft:oak_planks":37,"cobblemon:cyan_mint_seeds":2,"megamons:anistarite_rough_geode_block":1,"minecraft:oak_boat":2,"minecraft:azalea":1,"minecraft:sandstone":1,"minecraft:arrow":8,"minecraft:wooden_pickaxe":1,"minecraft:raw_gold":8,"minecraft:netherrack":7},"minecraft:broken":{"minecraft:stone_pickaxe":1},"minecraft:crafted":{"minecraft:oak_planks":88,"cobblemon:slate_ball":4,"cobblemon:apricorn_planks":4,"minecraft:furnace":3,"minecraft:bone_meal":12,"minecraft:iron_axe":2,"minecraft:melon_seeds":1,"minecraft:iron_hoe":1,"minecraft:stone_pickaxe":3,"minecraft:chest":2,"minecraft:wheat":90,"minecraft:wooden_shovel":2,"minecraft:crafting_table":6,"cobblemon:verdant_ball":4,"minecraft:wooden_pickaxe":2,"minecraft:copper_ingot":14,"minecraft:bread":30,"minecraft:air":0,"minecraft:blue_dye":4,"minecraft:oak_boat":2,"minecraft:iron_chestplate":1,"minecraft:shield":1,"minecraft:stick":16,"minecraft:iron_ingot":22,"minecraft:iron_pickaxe":1,"minecraft:wooden_axe":2,"minecraft:iron_leggings":1,"minecraft:acacia_planks":40,"minecraft:torch":4}},"DataVersion":3465}