{"stats":{"minecraft:killed_by":{"minecraft:player":1,"minecraft:spider":1,"minecraft:skeleton":1},"minecraft:used":{"minecraft:moss_block":3,"cobblemon:charti_berry":4,"megamons:anistarite_rough_geode_block":2,"minecraft:chest":7,"minecraft:shield":20,"minecraft:rotten_flesh":46,"minecraft:mutton":3,"minecraft:carrot":1,"minecraft:tuff":4,"cobblemon:apricorn_planks":8,"minecraft:bow":14,"minecraft:furnace":5,"minecraft:beetroot_seeds":1,"minecraft:egg":2,"minecraft:diorite":1,"minecraft:stone_pickaxe":196,"minecraft:mangrove_planks":2,"minecraft:oak_planks":9,"minecraft:wooden_pickaxe":10,"minecraft:sandstone":12,"minecraft:sugar_cane":9,"cobblemon:persim_berry":29,"minecraft:white_wool":1,"minecraft:glow_berries":16,"minecraft:sand":21,"minecraft:red_sandstone":2,"cobblemon:apricorn_log":1,"minecraft:melon_slice":93,"minecraft:bread":30,"minecraft:gravel":1,"cobblemon:medicinal_leek":98,"minecraft:oak_boat":3,"minecraft:coarse_dirt":2,"minecraft:bone_meal":22,"minecraft:flint_and_steel":1,"minecraft:netherrack":5,"minecraft:torch":8,"cobblemon:chesto_berry":5,"minecraft:brewing_stand":1,"minecraft:dirt":12,"minecraft:granite":3,"minecraft:iron_hoe":21,"minecraft:stone_brick_slab":1,"minecraft:wooden_axe":25,"minecraft:iron_axe":301,"minecraft:beef":6,"minecraft:cobbled_deepslate":89,"minecraft:acacia_planks":2,"minecraft:iron_leggings":1,"minecraft:wheat_seeds":7,"cobblemon:pinap_berry":11,"minecraft:terracotta":1,"minecraft:crafting_table":10,"cobblemon:chilan_berry":14,"minecraft:iron_pickaxe":326,"minecraft:cobblestone":49,"minecraft:porkchop":2,"cobblemon:blue_apricorn_seed":2},"minecraft:dropped":{"cobblemon:pinap_berry":9,"minecraft:moss_block":5,"minecraft:lapis_lazuli":41,"minecraft:spore_blossom":1,"minecraft:crafting_table":1,"minecraft:dirt":5,"cobblemon:pep_up_flower":3,"minecraft:jungle_sapling":1,"minecraft:sand":12,"minecraft:iron_pickaxe":1,"minecraft:bone":5,"minecraft:mangrove_roots":3,"minecraft:iron_nugget":1,"minecraft:wheat":1,"minecraft:rotten_flesh":7,"cobblemon:chesto_berry":5,"minecraft:oak_planks":42,"cobblemon:cyan_mint_seeds":2,"minecraft:azalea":1,"minecraft:arrow":8,"minecraft:netherrack":7,"minecraft:bread":1,"minecraft:wheat_seeds":2,"minecraft:feather":3,"minecraft:cobblestone":18,"minecraft:stick":2,"minecraft:smooth_red_sandstone":1,"minecraft:brewing_stand":2,"minecraft:wooden_axe":1,"minecraft:melon_slice":42,"minecraft:rabbit":1,"cobblemon:ice_stone":1,"minecraft:string":1,"minecraft:acacia_planks":1,"minecraft:moss_carpet":1,"minecraft:kelp":6,"minecraft:raw_copper":175,"megamons:anistarite_rough_geode_block":1,"minecraft:oak_boat":2,"minecraft:sandstone":1,"minecraft:wooden_pickaxe":1,"minecraft:raw_gold":8},"minecraft:broken":{"minecraft:stone_pickaxe":1,"minecraft:iron_axe":1},"minecraft:mined":{"cobblemon:apricorn_log":4,"minecraft:brewing_stand":1,"megamons:crystal_shiny_stone_ore":1,"minecraft:granite":5,"minecraft:cave_vines_plant":8,"minecraft:acacia_log":12,"minecraft:grass_block":7,"minecraft:spawner":1,"minecraft:tall_seagrass":2,"minecraft:magma_block":5,"minecraft:iron_ore":11,"minecraft:cobbled_deepslate":5,"minecraft:deepslate_lapis_ore":11,"cobblemon:medicinal_leek":103,"minecraft:smooth_red_sandstone":2,"minecraft:cave_vines":12,"cobblemon:yellow_apricorn":1,"megamons:crystal_ice_stone_ore":1,"minecraft:azalea":1,"minecraft:deepslate_redstone_ore":8,"megamons:anistarite_geode_block":14,"cobblemon:pecha_berry":1,"cobblemon:rawst_berry":1,"cobblemon:revival_herb":3,"minecraft:orange_terracotta":1,"cobblemon:apricorn_leaves":45,"cobblemon:apricorn_planks":4,"cobblemon:blue_mint":3,"minecraft:torch":2,"minecraft:melon":37,"minecraft:chest":1,"minecraft:dead_bush":46,"cobblemon:pinap_berry":3,"minecraft:cobblestone":1,"megamons:crystal_moon_stone_ore":1,"minecraft:sugar_cane":2,"minecraft:oak_planks":4,"minecraft:wall_torch":2,"minecraft:deepslate_copper_ore":10,"minecraft:seagrass":4,"cobblemon:deepslate_leaf_stone_ore":1,"minecraft:wheat":2,"cobblemon:persim_berry":1,"minecraft:grass":63,"minecraft:oak_log":15,"minecraft:beetroots":1,"cobblemon:white_mint":3,"minecraft:sand":12,"minecraft:dirt":6,"minecraft:netherrack":59,"minecraft:oak_leaves":10,"minecraft:deepslate":99,"minecraft:tuff":10,"minecraft:deepslate_diamond_ore":9,"minecraft:mangrove_roots":3,"minecraft:ladder":1,"minecraft:moss_block":9,"minecraft:sandstone":20,"minecraft:hay_block":10,"minecraft:spore_blossom":1,"minecraft:furnace":3,"minecraft:red_sandstone":6,"minecraft:andesite":1,"minecraft:deepslate_iron_ore":25,"minecraft:stripped_oak_log":6,"minecraft:bamboo":1,"minecraft:stone":76,"megamons:anistarite_rough_geode_block":2,"minecraft:acacia_leaves":1,"minecraft:flowering_azalea":1,"minecraft:stone_brick_slab":1,"minecraft:crafting_table":3,"minecraft:oak_wood":3,"minecraft:tall_grass":7,"minecraft:copper_ore":30,"minecraft:deepslate_gold_ore":8,"cobblemon:oran_berry":1,"minecraft:diorite":3,"cobblemon:relic_coin_pouch":1,"minecraft:coarse_dirt":2,"megamons:crystal_dawn_stone_ore":3,"minecraft:coal_ore":16,"minecraft:gravel":1,"minecraft:terracotta":2,"minecraft:acacia_planks":4,"minecraft:fern":3},"minecraft:custom":{"minecraft:animals_bred":1,"minecraft:interact_with_crafting_table":49,"minecraft:leave_game":3,"minecraft:time_since_death":5987,"minecraft:sprint_one_cm":984568,"minecraft:damage_blocked_by_shield":975,"minecraft:drop":64,"minecraft:talked_to_villager":2,"minecraft:play_time":329596,"minecraft:deaths":4,"minecraft:jump":9659,"minecraft:interact_with_brewingstand":2,"minecraft:walk_on_water_one_cm":88639,"minecraft:interact_with_furnace":40,"minecraft:sleep_in_bed":4,"minecraft:damage_dealt":13512,"minecraft:player_kills":1,"minecraft:crouch_one_cm":12752,"minecraft:horse_one_cm":222561,"minecraft:mob_kills":92,"minecraft:climb_one_cm":6900,"minecraft:walk_one_cm":472746,"minecraft:sneak_time":4422,"minecraft:walk_under_water_one_cm":45456,"minecraft:boat_one_cm":785617,"minecraft:total_world_time":329596,"minecraft:time_since_rest":6196,"minecraft:damage_taken":3711,"minecraft:swim_one_cm":157537,"minecraft:fly_one_cm":2355515,"minecraft:open_chest":45,"minecraft:fall_one_cm":275062},"minecraft:picked_up":{"minecraft:iron_chestplate":3,"cobblemon:leaf_stone":5,"cobblemon:red_apricorn":24,"cobblemon:sport_ball":1,"cobblemon:charti_berry":1,"minecraft:brewing_stand":4,"minecraft:string":13,"minecraft:raw_copper":303,"minecraft:iron_leggings":2,"minecraft:cobbled_deepslate":100,"cobblemon:oran_berry":17,"minecraft:azalea":1,"minecraft:iron_pickaxe":1,"minecraft:enchanted_golden_apple":1,"cobblemon:quick_ball":3,"minecraft:melon_slice":154,"minecraft:iron_boots":1,"minecraft:furnace":3,"minecraft:stick":44,"cobblemon:apricorn_log":2,"minecraft:torch":5,"minecraft:acacia_log":12,"minecraft:porkchop":8,"cobblemon:white_mint_seeds":3,"minecraft:diorite":1,"minecraft:rotten_flesh":65,"cobblemon:heavy_ball":6,"minecraft:mangrove_roots":3,"cobblemon:verdant_ball":5,"minecraft:cobblestone":95,"minecraft:feather":2,"cobblemon:great_ball":24,"cobblemon:pinap_berry":9,"minecraft:tuff":8,"minecraft:dirt":56,"minecraft:lapis_lazuli":233,"megamons:anistarite_geode_block":11,"minecraft:bone":30,"minecraft:acacia_planks":7,"minecraft:bow":1,"cobblemon:black_apricorn":13,"minecraft:wheat_seeds":50,"minecraft:raw_gold":24,"minecraft:rabbit":1,"minecraft:bamboo":11,"cobblemon:moon_stone":3,"minecraft:moss_block":8,"minecraft:oak_planks":19,"cobblemon:poison_barb":1,"cobblemon:apricorn_planks":7,"patchouli:guide_book":1,"cobblemon:shiny_stone":3,"minecraft:sand":33,"cobblemon:persim_berry":8,"megamons:anistarite_rough_geode_block":3,"minecraft:iron_hoe":1,"minecraft:diamond":27,"cobblemon:poke_ball":15,"minecraft:granite":3,"minecraft:bone_meal":7,"minecraft:golden_apple":2,"cobblemon:ice_stone":2,"minecraft:golden_horse_armor":2,"cobblemon:medicinal_leek":171,"cobblemon:chesto_berry":15,"minecraft:netherrack":12,"minecraft:coarse_dirt":2,"minecraft:crafting_table":5,"minecraft:chicken":2,"cobblemon:blue_mint_leaf":1,"cobblemon:yellow_apricorn":1,"minecraft:shield":2,"cobblemon:cyan_mint_seeds":1,"cobblemon:revival_herb":14,"minecraft:moss_carpet":2,"minecraft:iron_axe":2,"minecraft:flint_and_steel":1,"cobblemon:green_apricorn":6,"minecraft:beef":6,"cobblemon:relic_coin":18,"minecraft:oak_boat":9,"minecraft:jungle_sapling":1,"cobblemon:dusk_stone":2,"minecraft:chest":5,"cobblemon:pep_up_flower":9,"minecraft:sugar_cane":18,"minecraft:egg":5,"minecraft:raw_iron":71,"minecraft:sandstone":13,"minecraft:copper_ingot":7,"minecraft:carrot":2,"minecraft:redstone":70,"minecraft:iron_horse_armor":2,"cobblemon:dawn_stone":9,"cobblemon:blue_mint_seeds":3,"minecraft:arrow":45,"minecraft:beetroot_seeds":1,"minecraft:hay_block":10,"minecraft:gold_ingot":15,"minecraft:glow_berries":16,"minecraft:mutton":3,"cobblemon:blue_apricorn":48,"minecraft:white_wool":1,"minecraft:stripped_oak_log":6,"minecraft:smooth_red_sandstone":1,"minecraft:salmon":37,"minecraft:leather":31,"cobblemon:slate_ball":49,"minecraft:oak_log":13,"minecraft:gunpowder":14,"minecraft:kelp":6,"minecraft:red_sandstone":2,"minecraft:spore_blossom":1,"minecraft:iron_ingot":31,"minecraft:mangrove_planks":8,"minecraft:flowering_azalea":1,"cobblemon:chilan_berry":3,"cobblemon:red_apricorn_seed":1,"minecraft:stone_brick_slab":1,"cobblemon:blue_apricorn_seed":2,"minecraft:gravel":1,"cobblemon:pink_apricorn":4,"minecraft:spider_eye":3,"minecraft:oak_wood":3,"minecraft:terracotta":1,"cobblemon:water_stone":1,"minecraft:black_wool":1,"minecraft:coal":30,"minecraft:ender_pearl":2},"minecraft:killed":{"minecraft:spider":5,"minecraft:skeleton":18,"minecraft:pig":4,"minecraft:salmon":36,"minecraft:creeper":2,"minecraft:sheep":2,"minecraft:zombie":9,"minecraft:cow":2,"minecraft:drowned":1,"minecraft:husk":8,"cobblemon:pokemon":5,"minecraft:player":1},"minecraft:crafted":{"minecraft:oak_planks":88,"cobblemon:slate_ball":4,"cobblemon:apricorn_planks":4,"minecraft:melon_seeds":1,"minecraft:chest":2,"minecraft:wooden_shovel":2,"minecraft:crafting_table":7,"minecraft:wooden_pickaxe":2,"cobblemon:verdant_ball":4,"minecraft:iron_helmet":1,"minecraft:copper_ingot":14,"cobblemon:quick_ball":4,"minecraft:iron_chestplate":1,"minecraft:shield":1,"minecraft:stick":20,"minecraft:iron_ingot":22,"minecraft:iron_pickaxe":2,"minecraft:gold_ingot":1,"cobblemon:exp_share":1,"minecraft:furnace":3,"minecraft:bone_meal":15,"minecraft:iron_axe":2,"minecraft:iron_hoe":1,"minecraft:stone_pickaxe":3,"minecraft:wheat":90,"minecraft:bread":30,"minecraft:air":0,"minecraft:blue_dye":4,"minecraft:oak_boat":2,"minecraft:wooden_axe":2,"minecraft:iron_leggings":1,"minecraft:acacia_planks":48,"minecraft:torch":4,"cobblemon:great_ball":4}},"DataVersion":3465}