{"stats":{"minecraft:broken":{"minecraft:stone_sword":1,"minecraft:iron_pickaxe":2},"minecraft:crafted":{"minecraft:oak_planks":68,"cobblemon:slate_ball":12,"cobblemon:apricorn_planks":4,"minecraft:mangrove_boat":1,"minecraft:cooked_mutton":1,"minecraft:glass":18,"minecraft:iron_boots":1,"minecraft:chest":6,"cobblemon:azure_ball":20,"minecraft:glass_bottle":3,"minecraft:wooden_shovel":1,"minecraft:crafting_table":5,"travelersbackpack:standard":2,"minecraft:iron_helmet":1,"cobblemon:verdant_ball":4,"minecraft:wooden_pickaxe":1,"minecraft:smithing_table":1,"minecraft:copper_ingot":31,"cobblemon:poke_ball":4,"minecraft:iron_chestplate":1,"minecraft:shield":1,"minecraft:stick":20,"minecraft:iron_pickaxe":2,"minecraft:iron_ingot":37,"minecraft:stone_sword":1,"minecraft:gold_ingot":30,"minecraft:furnace":2,"minecraft:bone_meal":105,"cobblemon:premier_ball":8,"travelersbackpack:white_sleeping_bag":1,"minecraft:stone_pickaxe":1,"minecraft:wheat":297,"minecraft:cooked_beef":1,"minecraft:crimson_planks":44,"travelersbackpack:backpack_tank":2,"minecraft:iron_sword":1,"minecraft:mangrove_planks":12,"minecraft:bucket":1,"cobblemon:luxury_ball":24,"minecraft:bread":99,"minecraft:air":0,"minecraft:iron_leggings":1,"minecraft:acacia_planks":20,"minecraft:torch":12,"cobblemon:great_ball":4,"cobblemon:relic_coin_pouch":5,"minecraft:clay":17},"minecraft:killed":{"minecraft:witch":1,"minecraft:spider":2,"minecraft:dolphin":1,"minecraft:skeleton":5,"minecraft:chicken":1,"minecraft:piglin":1,"minecraft:pig":1,"minecraft:iron_golem":1,"minecraft:creeper":1,"minecraft:sheep":5,"minecraft:trader_llama":2,"minecraft:zombie":9,"minecraft:cow":7,"minecraft:blaze":9,"minecraft:drowned":1,"minecraft:husk":1,"cobblemon:pokemon":13,"minecraft:wandering_trader":1,"minecraft:hoglin":2,"minecraft:player":1,"minecraft:enderman":2},"minecraft:custom":{"minecraft:interact_with_crafting_table":87,"minecraft:leave_game":23,"minecraft:time_since_death":138636,"minecraft:sprint_one_cm":637024,"minecraft:damage_blocked_by_shield":505,"minecraft:drop":166,"minecraft:talked_to_villager":3,"minecraft:play_time":341752,"minecraft:deaths":1,"minecraft:interact_with_brewingstand":2,"minecraft:jump":5594,"minecraft:walk_on_water_one_cm":47267,"minecraft:interact_with_furnace":92,"minecraft:sleep_in_bed":4,"minecraft:damage_dealt":13141,"minecraft:player_kills":1,"minecraft:crouch_one_cm":54343,"minecraft:horse_one_cm":50828,"minecraft:interact_with_smithing_table":3,"minecraft:mob_kills":67,"minecraft:climb_one_cm":2816,"minecraft:walk_one_cm":749648,"minecraft:sneak_time":20125,"minecraft:walk_under_water_one_cm":35112,"minecraft:boat_one_cm":850389,"minecraft:total_world_time":341752,"minecraft:time_since_rest":36676,"minecraft:damage_taken":3205,"minecraft:swim_one_cm":71243,"minecraft:fly_one_cm":1127728,"minecraft:open_chest":145,"minecraft:fall_one_cm":163235},"minecraft:killed_by":{"minecraft:player":1},"minecraft:dropped":{"minecraft:iron_sword":1,"minecraft:porkchop":6,"minecraft:diamond_axe":1,"minecraft:crafting_table":1,"minecraft:mangrove_planks":4,"minecraft:saddle":1,"cobblemon:moon_stone":2,"minecraft:emerald":6,"minecraft:dirt":31,"minecraft:mutton":1,"minecraft:cut_sandstone":1,"minecraft:amethyst_shard":9,"minecraft:bone_meal":66,"minecraft:sand":1,"minecraft:white_wool":1,"minecraft:gold_ingot":7,"minecraft:gravel":1,"minecraft:cobbled_deepslate":7,"minecraft:wheat":1,"minecraft:obsidian":2,"minecraft:rotten_flesh":1,"minecraft:oak_planks":5,"patchouli:guide_book":4,"cobblemon:white_mint_leaf":3,"cobblemon:rawst_berry":5,"travelersbackpack:white_sleeping_bag":1,"minecraft:beetroot_seeds":4,"minecraft:arrow":3,"minecraft:glass":3,"minecraft:beef":10,"minecraft:netherrack":16,"minecraft:water_bucket":1,"minecraft:iron_ingot":15,"minecraft:bread":38,"minecraft:wheat_seeds":7,"minecraft:feather":2,"minecraft:lead":2,"minecraft:yellow_terracotta":1,"minecraft:cobblestone":18,"minecraft:andesite_wall":3,"minecraft:coal":20,"cobblemon:chilan_berry":14,"minecraft:stick":12,"cobblemon:apricorn_log":1,"minecraft:torch":10,"minecraft:light_blue_wool":1,"minecraft:fire_charge":4,"minecraft:iron_leggings":1,"minecraft:string":1,"minecraft:acacia_planks":2,"cobblemon:relic_coin":53,"minecraft:raw_copper":80,"minecraft:tuff":2,"minecraft:light_gray_wool":1,"minecraft:clay_ball":29,"minecraft:iron_boots":1,"cobblemon:premier_ball":8,"minecraft:name_tag":1,"minecraft:hay_block":1,"minecraft:andesite":19,"cobblemon:poison_barb":1,"minecraft:sandstone":5,"minecraft:bow":1,"minecraft:stone_pickaxe":2},"minecraft:picked_up":{"minecraft:iron_chestplate":1,"cobblemon:leaf_stone":3,"minecraft:wheat":1,"cobblemon:red_apricorn":12,"minecraft:lead":6,"cobblemon:sport_ball":2,"cobblemon:charti_berry":3,"minecraft:stone_brick_stairs":1,"minecraft:brewing_stand":2,"minecraft:golden_sword":1,"minecraft:amethyst_block":20,"minecraft:string":5,"cobblemon:occa_berry":2,"minecraft:raw_copper":158,"minecraft:iron_leggings":3,"minecraft:cobbled_deepslate":23,"cobblemon:white_apricorn_seed":3,"cobblemon:oran_berry":101,"minecraft:calcite":2,"minecraft:iron_pickaxe":3,"cobblemon:big_root":1,"cobblemon:quick_ball":13,"minecraft:melon_slice":72,"minecraft:mangrove_log":3,"minecraft:iron_boots":3,"minecraft:furnace":1,"minecraft:stick":15,"cobblemon:apricorn_log":3,"minecraft:torch":106,"minecraft:acacia_log":5,"minecraft:porkchop":17,"cobblemon:nanab_berry":2,"minecraft:diorite":3,"minecraft:orange_bed":3,"minecraft:andesite_wall":3,"minecraft:honey_bottle":1,"minecraft:rotten_flesh":11,"minecraft:light_blue_wool":1,"cobblemon:relic_coin_pouch":2,"minecraft:mangrove_roots":1,"minecraft:blaze_rod":5,"minecraft:obsidian":2,"cobblemon:verdant_ball":5,"minecraft:cobblestone":113,"minecraft:feather":3,"minecraft:water_bucket":2,"minecraft:andesite":22,"cobblemon:pinap_berry":11,"minecraft:tuff":2,"cobblemon:protector":1,"megamons:anistarite_geode_block":11,"minecraft:dirt":60,"minecraft:glass":3,"minecraft:bone":6,"minecraft:acacia_planks":2,"minecraft:bow":3,"cobblemon:black_apricorn":35,"minecraft:wheat_seeds":17,"minecraft:raw_gold":12,"minecraft:rabbit":1,"cobblemon:moon_stone":6,"minecraft:moss_block":1,"cobblemon:poison_barb":1,"cobblemon:sun_stone":4,"patchouli:guide_book":6,"cobblemon:fire_stone":4,"cobblemon:pecha_berry":29,"minecraft:sand":43,"cobblemon:persim_berry":39,"minecraft:lily_of_the_valley":6,"travelersbackpack:white_sleeping_bag":2,"minecraft:diamond":23,"cobblemon:poke_ball":11,"minecraft:granite":1,"minecraft:bone_meal":66,"minecraft:golden_apple":4,"minecraft:bread":94,"minecraft:emerald":6,"cobblemon:medicinal_leek":75,"cobblemon:chesto_berry":5,"minecraft:netherrack":43,"minecraft:diamond_pickaxe":1,"minecraft:crafting_table":7,"minecraft:ladder":1,"minecraft:chicken":2,"minecraft:nether_wart":24,"minecraft:clay_ball":105,"cobblemon:yellow_apricorn":1,"minecraft:gold_block":3,"minecraft:shield":1,"cobblemon:cyan_mint_seeds":1,"cobblemon:lum_berry":2,"minecraft:iron_axe":1,"cobblemon:white_mint_leaf":6,"cobblemon:white_apricorn":16,"minecraft:cracked_stone_bricks":10,"cobblemon:green_apricorn":8,"minecraft:beef":25,"cobblemon:relic_coin":110,"minecraft:oak_boat":3,"minecraft:iron_nugget":19,"cobblemon:dusk_stone":2,"minecraft:light_gray_wool":1,"minecraft:chest":5,"minecraft:sandstone":13,"minecraft:raw_iron":41,"minecraft:copper_ingot":28,"minecraft:fire_charge":8,"cobblemon:rawst_berry":23,"minecraft:redstone":31,"minecraft:stone_pressure_plate":1,"minecraft:tnt":16,"minecraft:arrow":8,"minecraft:beetroot_seeds":4,"minecraft:shears":1,"minecraft:hay_block":34,"minecraft:yellow_terracotta":1,"minecraft:saddle":2,"minecraft:gold_ingot":44,"minecraft:glow_berries":11,"minecraft:mutton":8,"cobblemon:blue_apricorn":36,"minecraft:white_wool":5,"minecraft:clock":1,"minecraft:crimson_stem":11,"minecraft:leather":32,"minecraft:cut_sandstone":1,"minecraft:filled_map":1,"cobblemon:slate_ball":13,"minecraft:oak_log":18,"minecraft:nether_wart_block":2,"minecraft:gunpowder":1,"cobblemon:pink_apricorn_seed":1,"minecraft:orange_terracotta":1,"minecraft:mangrove_boat":2,"minecraft:coast_armor_trim_smithing_template":2,"minecraft:stone_bricks":2,"minecraft:red_sandstone":1,"minecraft:rabbit_hide":1,"minecraft:iron_ingot":31,"minecraft:stone_pickaxe":1,"minecraft:iron_sword":2,"cobblemon:chilan_berry":28,"cobblemon:azure_ball":43,"minecraft:sweet_berries":3,"minecraft:stone_brick_slab":1,"cobblemon:black_apricorn_seed":1,"minecraft:gravel":2,"cobblemon:premier_ball":22,"minecraft:amethyst_shard":21,"cobblemon:pink_apricorn":7,"travelersbackpack:standard":2,"minecraft:iron_helmet":1,"minecraft:diamond_axe":2,"minecraft:coal":56,"minecraft:ender_pearl":2},"minecraft:used":{"minecraft:ladder":1,"minecraft:chest":10,"minecraft:shield":17,"minecraft:iron_sword":170,"minecraft:rotten_flesh":5,"minecraft:mutton":1,"minecraft:lily_of_the_valley":5,"minecraft:milk_bucket":2,"minecraft:lava_bucket":8,"minecraft:stone_bricks":2,"minecraft:stone_brick_stairs":1,"minecraft:mangrove_roots":1,"minecraft:furnace":3,"minecraft:diorite":1,"minecraft:stone_pickaxe":10,"minecraft:oak_planks":12,"minecraft:wooden_pickaxe":13,"minecraft:sandstone":5,"minecraft:diamond_axe":8,"minecraft:clay":17,"minecraft:glow_berries":11,"minecraft:sand":12,"minecraft:red_sandstone":1,"cobblemon:apricorn_log":1,"minecraft:bread":40,"minecraft:melon_slice":72,"minecraft:gravel":1,"minecraft:nether_wart_block":1,"cobblemon:medicinal_leek":31,"minecraft:smithing_table":1,"minecraft:andesite":3,"minecraft:oak_boat":3,"minecraft:bone_meal":68,"minecraft:stone_sword":124,"minecraft:netherrack":27,"minecraft:orange_bed":3,"minecraft:torch":100,"minecraft:brewing_stand":1,"minecraft:dirt":28,"minecraft:granite":1,"minecraft:stone_brick_slab":1,"minecraft:beef":8,"minecraft:cooked_beef":1,"minecraft:cobbled_deepslate":16,"minecraft:orange_terracotta":1,"minecraft:mangrove_boat":1,"minecraft:calcite":2,"minecraft:cooked_mutton":1,"minecraft:water_bucket":7,"minecraft:amethyst_block":1,"minecraft:glass_bottle":3,"minecraft:cracked_stone_bricks":10,"minecraft:crafting_table":10,"cobblemon:white_apricorn_seed":2,"minecraft:oak_log":1,"minecraft:chicken":2,"minecraft:iron_pickaxe":498,"travelersbackpack:white_sleeping_bag":1,"minecraft:cobblestone":55,"minecraft:potion":3,"travelersbackpack:standard":2,"minecraft:porkchop":7,"minecraft:bucket":16},"minecraft:mined":{"minecraft:large_amethyst_bud":3,"minecraft:stone_pressure_plate":1,"cobblemon:big_root":1,"cobblemon:apricorn_log":1,"minecraft:cave_vines_plant":8,"minecraft:budding_amethyst":4,"minecraft:acacia_log":5,"minecraft:grass_block":3,"minecraft:nether_wart":20,"minecraft:spawner":1,"minecraft:iron_ore":30,"minecraft:fire":7,"cobblemon:medicinal_leek":53,"cobblemon:red_apricorn":2,"cobblemon:white_apricorn_sapling":1,"minecraft:cave_vines":18,"minecraft:orange_bed":3,"minecraft:deepslate_redstone_ore":7,"minecraft:cut_sandstone":7,"cobblemon:rawst_berry":5,"minecraft:medium_amethyst_bud":5,"minecraft:amethyst_cluster":2,"cobblemon:apricorn_leaves":23,"minecraft:clay":32,"minecraft:torch":8,"minecraft:calcite":2,"minecraft:melon":2,"minecraft:chest":7,"minecraft:dead_bush":1,"cobblemon:pinap_berry":2,"minecraft:cobblestone":11,"minecraft:wall_torch":2,"minecraft:amethyst_block":20,"minecraft:stone_stairs":1,"minecraft:nether_wart_block":6,"minecraft:wheat":8,"minecraft:tnt":9,"cobblemon:persim_berry":1,"minecraft:stone_brick_stairs":1,"minecraft:grass":33,"minecraft:oak_log":18,"minecraft:beetroots":4,"minecraft:sand":38,"minecraft:dirt":26,"minecraft:mangrove_log":3,"minecraft:smooth_basalt":1,"minecraft:netherrack":115,"minecraft:oak_leaves":25,"minecraft:deepslate":38,"minecraft:suspicious_gravel":3,"minecraft:yellow_terracotta":1,"minecraft:diamond_ore":4,"minecraft:mangrove_roots":1,"cobblemon:cheri_berry":1,"cobblemon:nanab_berry":1,"minecraft:nether_bricks":9,"minecraft:ladder":1,"travelersbackpack:white_sleeping_bag":1,"minecraft:moss_block":4,"minecraft:sandstone":26,"minecraft:crimson_stem":11,"minecraft:hay_block":33,"minecraft:furnace":1,"minecraft:chiseled_sandstone":1,"minecraft:andesite":14,"minecraft:gold_block":3,"minecraft:nether_brick_fence":3,"minecraft:deepslate_iron_ore":1,"minecraft:cobblestone_slab":1,"cobblemon:green_apricorn":1,"minecraft:stone":79,"minecraft:acacia_leaves":1,"minecraft:lily_of_the_valley":6,"minecraft:stone_brick_slab":1,"travelersbackpack:standard":2,"minecraft:crafting_table":5,"minecraft:andesite_wall":3,"minecraft:copper_ore":2,"minecraft:tall_grass":4,"minecraft:deepslate_gold_ore":3,"cobblemon:chilan_berry":1,"cobblemon:oran_berry":1,"minecraft:diorite":5,"cobblemon:relic_coin_pouch":2,"minecraft:birch_leaves":4,"minecraft:coal_ore":3,"minecraft:gravel":1,"minecraft:cracked_stone_bricks":13,"minecraft:acacia_planks":2,"minecraft:stone_bricks":2}},"DataVersion":3465}