{"stats":{"minecraft:killed":{"cobblemon:pokemon":4,"minecraft:wandering_trader":1,"minecraft:creeper":1,"minecraft:trader_llama":2,"minecraft:zombie":3,"minecraft:drowned":1,"minecraft:cow":1},"minecraft:mined":{"minecraft:acacia_leaves":1,"cobblemon:rawst_berry":3,"cobblemon:big_root":1,"cobblemon:apricorn_log":1,"minecraft:crafting_table":1,"cobblemon:apricorn_leaves":9,"minecraft:acacia_log":5,"cobblemon:pinap_berry":1,"minecraft:copper_ore":2,"minecraft:tall_grass":1,"cobblemon:chilan_berry":1,"minecraft:andesite":1,"cobblemon:persim_berry":1,"cobblemon:medicinal_leek":2,"minecraft:grass":13,"minecraft:coal_ore":3,"cobblemon:green_apricorn":1,"minecraft:stone":9,"minecraft:oak_leaves":2},"minecraft:custom":{"minecraft:interact_with_furnace":14,"minecraft:mob_kills":14,"minecraft:interact_with_crafting_table":8,"minecraft:leave_game":7,"minecraft:time_since_death":29144,"minecraft:time_since_rest":29144,"minecraft:sprint_one_cm":74961,"minecraft:damage_taken":322,"minecraft:walk_one_cm":67027,"minecraft:damage_dealt":2326,"minecraft:swim_one_cm":33979,"minecraft:talked_to_villager":1,"minecraft:fly_one_cm":138605,"minecraft:open_chest":1,"minecraft:crouch_one_cm":3622,"minecraft:play_time":29144,"minecraft:sneak_time":1094,"minecraft:walk_under_water_one_cm":3195,"minecraft:jump":682,"minecraft:walk_on_water_one_cm":5190,"minecraft:total_world_time":29144,"minecraft:fall_one_cm":19053},"minecraft:picked_up":{"minecraft:crafting_table":2,"minecraft:feather":1,"minecraft:chicken":1,"minecraft:andesite":4,"minecraft:leather":2,"minecraft:lead":2,"minecraft:dirt":31,"minecraft:raw_copper":23,"cobblemon:white_apricorn":5,"minecraft:bone":1,"cobblemon:green_apricorn":4,"cobblemon:white_apricorn_seed":1,"minecraft:beef":2,"cobblemon:oran_berry":11,"cobblemon:big_root":1,"cobblemon:chilan_berry":4,"cobblemon:apricorn_log":1,"minecraft:torch":73,"minecraft:acacia_log":5,"cobblemon:premier_ball":1,"cobblemon:rawst_berry":14,"cobblemon:persim_berry":19,"minecraft:rotten_flesh":5,"minecraft:light_blue_wool":1,"cobblemon:medicinal_leek":9,"minecraft:mutton":1,"minecraft:coal":4,"minecraft:white_wool":1,"minecraft:cobblestone":15},"minecraft:used":{"minecraft:cooked_mutton":1,"minecraft:stone_sword":73,"minecraft:stone_pickaxe":7,"minecraft:wooden_pickaxe":13,"minecraft:rotten_flesh":5,"minecraft:torch":79,"minecraft:crafting_table":2,"minecraft:chicken":1,"minecraft:beef":2,"cobblemon:medicinal_leek":6,"minecraft:cooked_beef":1,"minecraft:bone_meal":3},"minecraft:crafted":{"minecraft:cooked_beef":1,"minecraft:crafting_table":2,"minecraft:wooden_pickaxe":1,"cobblemon:apricorn_planks":4,"minecraft:copper_ingot":1,"minecraft:bone_meal":3,"cobblemon:premier_ball":4,"minecraft:cooked_mutton":1,"minecraft:air":0,"minecraft:stick":8,"minecraft:stone_pickaxe":1,"minecraft:stone_sword":1,"minecraft:acacia_planks":20,"minecraft:torch":12}},"DataVersion":3465}