{"stats":{"minecraft:killed":{"cobblemon:pokemon":4,"minecraft:iron_golem":1,"minecraft:wandering_trader":1,"minecraft:creeper":1,"minecraft:trader_llama":2,"minecraft:zombie":4,"minecraft:chicken":1,"minecraft:drowned":1,"minecraft:enderman":1,"minecraft:cow":1},"minecraft:mined":{"minecraft:acacia_leaves":1,"cobblemon:rawst_berry":3,"cobblemon:big_root":1,"cobblemon:apricorn_log":1,"minecraft:crafting_table":3,"cobblemon:apricorn_leaves":23,"minecraft:acacia_log":5,"minecraft:melon":2,"cobblemon:pinap_berry":2,"minecraft:copper_ore":2,"minecraft:tall_grass":1,"cobblemon:chilan_berry":1,"cobblemon:oran_berry":1,"minecraft:wall_torch":1,"minecraft:furnace":1,"minecraft:birch_leaves":4,"minecraft:andesite":1,"cobblemon:persim_berry":1,"minecraft:gold_block":2,"cobblemon:medicinal_leek":2,"cobblemon:red_apricorn":2,"minecraft:grass":25,"minecraft:oak_log":4,"minecraft:coal_ore":3,"cobblemon:green_apricorn":1,"minecraft:stone":9,"minecraft:oak_leaves":4,"minecraft:orange_bed":1},"minecraft:custom":{"minecraft:interact_with_smithing_table":1,"minecraft:interact_with_furnace":24,"minecraft:mob_kills":18,"minecraft:interact_with_crafting_table":15,"minecraft:leave_game":7,"minecraft:time_since_death":53144,"minecraft:sleep_in_bed":2,"minecraft:climb_one_cm":679,"minecraft:time_since_rest":21680,"minecraft:sprint_one_cm":141077,"minecraft:damage_taken":835,"minecraft:walk_one_cm":140120,"minecraft:drop":9,"minecraft:damage_dealt":4225,"minecraft:swim_one_cm":42915,"minecraft:talked_to_villager":3,"minecraft:fly_one_cm":240967,"minecraft:open_chest":4,"minecraft:crouch_one_cm":7862,"minecraft:play_time":53144,"minecraft:sneak_time":2393,"minecraft:walk_under_water_one_cm":4133,"minecraft:jump":1149,"minecraft:walk_on_water_one_cm":8244,"minecraft:total_world_time":53144,"minecraft:fall_one_cm":32487},"minecraft:picked_up":{"minecraft:crafting_table":4,"minecraft:feather":2,"minecraft:chicken":2,"minecraft:andesite":4,"minecraft:leather":2,"cobblemon:red_apricorn":4,"minecraft:lead":2,"minecraft:gold_block":2,"minecraft:oak_log":4,"cobblemon:cyan_mint_seeds":1,"minecraft:dirt":31,"minecraft:raw_copper":33,"cobblemon:white_mint_leaf":3,"cobblemon:white_apricorn":5,"minecraft:bone":1,"minecraft:wheat_seeds":3,"cobblemon:green_apricorn":4,"minecraft:iron_ingot":4,"cobblemon:white_apricorn_seed":1,"minecraft:beef":2,"cobblemon:oran_berry":11,"cobblemon:big_root":1,"minecraft:melon_slice":33,"minecraft:furnace":1,"cobblemon:chilan_berry":4,"minecraft:stick":1,"cobblemon:apricorn_log":3,"minecraft:copper_ingot":1,"minecraft:torch":74,"minecraft:acacia_log":5,"cobblemon:premier_ball":1,"cobblemon:rawst_berry":14,"cobblemon:persim_berry":19,"minecraft:orange_bed":1,"minecraft:rotten_flesh":5,"minecraft:light_blue_wool":1,"cobblemon:medicinal_leek":9,"cobblemon:verdant_ball":4,"minecraft:mutton":1,"minecraft:coal":4,"minecraft:white_wool":1,"minecraft:cobblestone":15,"minecraft:ender_pearl":1},"minecraft:used":{"minecraft:cooked_mutton":1,"minecraft:stone_sword":121,"minecraft:stone_pickaxe":10,"minecraft:oak_planks":4,"minecraft:wooden_pickaxe":13,"minecraft:rotten_flesh":5,"minecraft:torch":82,"minecraft:dirt":3,"minecraft:mutton":1,"minecraft:crafting_table":5,"minecraft:melon_slice":22,"minecraft:chicken":1,"minecraft:bread":2,"minecraft:iron_pickaxe":9,"minecraft:beef":2,"minecraft:furnace":1,"cobblemon:medicinal_leek":6,"minecraft:cooked_beef":1,"minecraft:bone_meal":3},"minecraft:dropped":{"minecraft:wheat_seeds":3,"minecraft:feather":1,"minecraft:cobblestone":2,"minecraft:coal":1,"minecraft:dirt":28,"minecraft:light_blue_wool":1,"minecraft:andesite":4,"minecraft:stone_pickaxe":1,"minecraft:white_wool":1},"minecraft:crafted":{"minecraft:cooked_beef":1,"minecraft:oak_planks":16,"minecraft:crafting_table":2,"cobblemon:verdant_ball":4,"minecraft:wooden_pickaxe":1,"cobblemon:apricorn_planks":4,"minecraft:furnace":1,"minecraft:copper_ingot":13,"minecraft:bone_meal":3,"cobblemon:premier_ball":4,"minecraft:cooked_mutton":1,"minecraft:air":0,"cobblemon:poke_ball":4,"minecraft:stick":16,"minecraft:iron_pickaxe":1,"minecraft:stone_pickaxe":1,"minecraft:stone_sword":1,"minecraft:acacia_planks":20,"minecraft:torch":12}},"DataVersion":3465}