{"stats":{"minecraft:killed":{"cobblemon:pokemon":4,"minecraft:iron_golem":1,"minecraft:wandering_trader":1,"minecraft:creeper":1,"minecraft:trader_llama":2,"minecraft:zombie":3,"minecraft:drowned":1,"minecraft:cow":1},"minecraft:mined":{"minecraft:acacia_leaves":1,"cobblemon:rawst_berry":3,"cobblemon:big_root":1,"cobblemon:apricorn_log":1,"minecraft:crafting_table":2,"cobblemon:apricorn_leaves":9,"minecraft:acacia_log":5,"cobblemon:pinap_berry":2,"minecraft:copper_ore":2,"minecraft:tall_grass":1,"cobblemon:chilan_berry":1,"cobblemon:oran_berry":1,"minecraft:furnace":1,"minecraft:andesite":1,"cobblemon:persim_berry":1,"cobblemon:medicinal_leek":2,"minecraft:grass":19,"minecraft:oak_log":4,"minecraft:coal_ore":3,"cobblemon:green_apricorn":1,"minecraft:stone":9,"minecraft:oak_leaves":4,"minecraft:orange_bed":1},"minecraft:custom":{"minecraft:interact_with_smithing_table":1,"minecraft:interact_with_furnace":24,"minecraft:mob_kills":15,"minecraft:interact_with_crafting_table":14,"minecraft:leave_game":7,"minecraft:time_since_death":41144,"minecraft:sleep_in_bed":2,"minecraft:time_since_rest":9680,"minecraft:sprint_one_cm":97315,"minecraft:damage_taken":502,"minecraft:walk_one_cm":99377,"minecraft:drop":7,"minecraft:damage_dealt":3424,"minecraft:swim_one_cm":35046,"minecraft:talked_to_villager":3,"minecraft:fly_one_cm":166483,"minecraft:open_chest":4,"minecraft:crouch_one_cm":5192,"minecraft:play_time":41144,"minecraft:sneak_time":1810,"minecraft:walk_under_water_one_cm":3195,"minecraft:jump":842,"minecraft:walk_on_water_one_cm":5403,"minecraft:total_world_time":41144,"minecraft:fall_one_cm":22573},"minecraft:picked_up":{"minecraft:crafting_table":3,"minecraft:feather":1,"minecraft:chicken":1,"minecraft:andesite":4,"minecraft:leather":2,"minecraft:lead":2,"minecraft:oak_log":4,"minecraft:dirt":31,"minecraft:raw_copper":33,"cobblemon:white_apricorn":5,"minecraft:bone":1,"minecraft:wheat_seeds":3,"cobblemon:green_apricorn":4,"minecraft:iron_ingot":4,"cobblemon:white_apricorn_seed":1,"minecraft:beef":2,"cobblemon:oran_berry":11,"cobblemon:big_root":1,"minecraft:melon_slice":12,"minecraft:furnace":1,"cobblemon:chilan_berry":4,"cobblemon:apricorn_log":1,"minecraft:copper_ingot":1,"minecraft:torch":73,"minecraft:acacia_log":5,"cobblemon:premier_ball":1,"cobblemon:rawst_berry":14,"cobblemon:persim_berry":19,"minecraft:orange_bed":1,"minecraft:rotten_flesh":5,"minecraft:light_blue_wool":1,"cobblemon:medicinal_leek":9,"cobblemon:verdant_ball":4,"minecraft:mutton":1,"minecraft:coal":4,"minecraft:white_wool":1,"minecraft:cobblestone":15},"minecraft:used":{"minecraft:cooked_mutton":1,"minecraft:stone_sword":98,"minecraft:stone_pickaxe":10,"minecraft:wooden_pickaxe":13,"minecraft:rotten_flesh":5,"minecraft:torch":79,"minecraft:dirt":3,"minecraft:mutton":1,"minecraft:crafting_table":4,"minecraft:melon_slice":8,"minecraft:chicken":1,"minecraft:bread":2,"minecraft:beef":2,"minecraft:furnace":1,"cobblemon:medicinal_leek":6,"minecraft:cooked_beef":1,"minecraft:bone_meal":3},"minecraft:dropped":{"minecraft:wheat_seeds":3,"minecraft:feather":1,"minecraft:cobblestone":2,"minecraft:coal":1,"minecraft:dirt":28,"minecraft:andesite":4,"minecraft:stone_pickaxe":1},"minecraft:crafted":{"minecraft:cooked_beef":1,"minecraft:oak_planks":16,"minecraft:crafting_table":2,"cobblemon:verdant_ball":4,"minecraft:wooden_pickaxe":1,"cobblemon:apricorn_planks":4,"minecraft:furnace":1,"minecraft:copper_ingot":13,"minecraft:bone_meal":3,"cobblemon:premier_ball":4,"minecraft:cooked_mutton":1,"minecraft:air":0,"minecraft:stick":16,"minecraft:iron_pickaxe":1,"minecraft:stone_pickaxe":1,"minecraft:stone_sword":1,"minecraft:acacia_planks":20,"minecraft:torch":12}},"DataVersion":3465}