{"stats":{"minecraft:killed":{"minecraft:chicken":1,"minecraft:drowned":1,"minecraft:pig":1,"cobblemon:pokemon":4,"minecraft:iron_golem":1,"minecraft:wandering_trader":1,"minecraft:creeper":1,"minecraft:trader_llama":2,"minecraft:zombie":6,"minecraft:enderman":1,"minecraft:cow":1},"minecraft:mined":{"minecraft:large_amethyst_bud":3,"cobblemon:apricorn_log":1,"cobblemon:big_root":1,"cobblemon:cheri_berry":1,"minecraft:cave_vines_plant":6,"minecraft:budding_amethyst":4,"cobblemon:nanab_berry":1,"minecraft:acacia_log":5,"minecraft:moss_block":3,"minecraft:spawner":1,"minecraft:furnace":1,"minecraft:iron_ore":23,"minecraft:andesite":5,"minecraft:gold_block":2,"cobblemon:medicinal_leek":9,"cobblemon:red_apricorn":2,"minecraft:cave_vines":14,"minecraft:cobblestone_slab":1,"cobblemon:green_apricorn":1,"minecraft:stone":30,"minecraft:orange_bed":2,"minecraft:deepslate_redstone_ore":7,"minecraft:acacia_leaves":1,"cobblemon:rawst_berry":5,"minecraft:medium_amethyst_bud":5,"minecraft:amethyst_cluster":2,"minecraft:stone_brick_slab":1,"minecraft:clay":2,"minecraft:crafting_table":5,"cobblemon:apricorn_leaves":23,"minecraft:torch":5,"minecraft:calcite":2,"minecraft:melon":2,"minecraft:andesite_wall":3,"minecraft:cobblestone":11,"minecraft:tall_grass":2,"cobblemon:pinap_berry":2,"minecraft:copper_ore":2,"minecraft:deepslate_gold_ore":3,"cobblemon:chilan_berry":1,"cobblemon:oran_berry":1,"minecraft:diorite":5,"cobblemon:relic_coin_pouch":1,"minecraft:wall_torch":2,"minecraft:amethyst_block":19,"minecraft:stone_stairs":1,"minecraft:birch_leaves":4,"cobblemon:persim_berry":1,"minecraft:stone_brick_stairs":1,"minecraft:grass":25,"minecraft:coal_ore":3,"minecraft:oak_log":4,"minecraft:gravel":1,"minecraft:smooth_basalt":1,"minecraft:cracked_stone_bricks":13,"minecraft:acacia_planks":1,"minecraft:stone_bricks":2,"minecraft:deepslate":2,"minecraft:oak_leaves":4,"minecraft:suspicious_gravel":3},"minecraft:custom":{"minecraft:interact_with_smithing_table":1,"minecraft:mob_kills":21,"minecraft:interact_with_crafting_table":23,"minecraft:leave_game":7,"minecraft:time_since_death":89144,"minecraft:climb_one_cm":2095,"minecraft:sprint_one_cm":211980,"minecraft:walk_one_cm":230635,"minecraft:drop":33,"minecraft:talked_to_villager":3,"minecraft:play_time":89144,"minecraft:sneak_time":7127,"minecraft:walk_under_water_one_cm":6164,"minecraft:jump":1884,"minecraft:walk_on_water_one_cm":16613,"minecraft:total_world_time":89144,"minecraft:interact_with_furnace":46,"minecraft:sleep_in_bed":2,"minecraft:time_since_rest":57680,"minecraft:damage_taken":1376,"minecraft:damage_dealt":5150,"minecraft:swim_one_cm":54833,"minecraft:fly_one_cm":394253,"minecraft:open_chest":19,"minecraft:crouch_one_cm":21259,"minecraft:fall_one_cm":57879},"minecraft:picked_up":{"minecraft:crafting_table":6,"minecraft:chicken":2,"minecraft:ladder":1,"minecraft:clay_ball":8,"minecraft:lead":4,"cobblemon:red_apricorn":4,"minecraft:gold_block":2,"minecraft:stone_brick_stairs":1,"minecraft:brewing_stand":1,"cobblemon:cyan_mint_seeds":1,"minecraft:amethyst_block":19,"minecraft:iron_axe":1,"minecraft:raw_copper":117,"cobblemon:white_mint_leaf":6,"cobblemon:white_apricorn":5,"minecraft:cracked_stone_bricks":10,"minecraft:cobbled_deepslate":4,"cobblemon:green_apricorn":6,"cobblemon:white_apricorn_seed":1,"minecraft:beef":2,"cobblemon:oran_berry":20,"cobblemon:relic_coin":55,"minecraft:calcite":2,"minecraft:iron_nugget":19,"cobblemon:big_root":1,"minecraft:melon_slice":72,"minecraft:chest":2,"minecraft:furnace":1,"minecraft:stick":10,"minecraft:raw_iron":23,"cobblemon:apricorn_log":3,"minecraft:copper_ingot":1,"minecraft:torch":80,"minecraft:acacia_log":5,"minecraft:porkchop":13,"cobblemon:rawst_berry":18,"minecraft:diorite":3,"minecraft:redstone":31,"minecraft:orange_bed":2,"minecraft:andesite_wall":3,"minecraft:rotten_flesh":5,"minecraft:light_blue_wool":1,"minecraft:glow_berries":10,"minecraft:mutton":1,"minecraft:obsidian":2,"cobblemon:verdant_ball":5,"minecraft:white_wool":1,"minecraft:cobblestone":46,"minecraft:feather":3,"minecraft:andesite":7,"minecraft:leather":2,"minecraft:tuff":2,"cobblemon:slate_ball":6,"minecraft:oak_log":4,"minecraft:dirt":31,"minecraft:orange_terracotta":1,"minecraft:bone":1,"minecraft:acacia_planks":1,"minecraft:stone_bricks":2,"minecraft:bow":1,"minecraft:red_sandstone":1,"minecraft:wheat_seeds":4,"minecraft:raw_gold":3,"minecraft:iron_ingot":5,"minecraft:stone_pickaxe":1,"minecraft:moss_block":1,"cobblemon:chilan_berry":28,"minecraft:stone_brick_slab":1,"minecraft:gravel":2,"cobblemon:premier_ball":1,"minecraft:amethyst_shard":16,"cobblemon:persim_berry":25,"cobblemon:poke_ball":3,"minecraft:granite":1,"minecraft:emerald":6,"cobblemon:medicinal_leek":16,"cobblemon:chesto_berry":5,"minecraft:coal":18,"minecraft:ender_pearl":1},"minecraft:used":{"minecraft:stone_sword":124,"minecraft:ladder":1,"minecraft:chest":2,"minecraft:rotten_flesh":5,"minecraft:orange_bed":1,"minecraft:torch":93,"minecraft:dirt":3,"minecraft:mutton":1,"minecraft:granite":1,"minecraft:stone_brick_slab":1,"minecraft:stone_bricks":2,"minecraft:stone_brick_stairs":1,"minecraft:beef":2,"minecraft:furnace":2,"minecraft:cooked_beef":1,"minecraft:orange_terracotta":1,"minecraft:calcite":2,"minecraft:cooked_mutton":1,"minecraft:diorite":1,"minecraft:stone_pickaxe":10,"minecraft:oak_planks":12,"minecraft:wooden_pickaxe":13,"minecraft:cracked_stone_bricks":10,"minecraft:glow_berries":1,"minecraft:crafting_table":7,"minecraft:red_sandstone":1,"cobblemon:apricorn_log":1,"minecraft:bread":4,"minecraft:chicken":2,"minecraft:melon_slice":54,"minecraft:iron_pickaxe":198,"minecraft:gravel":1,"minecraft:cobblestone":30,"cobblemon:medicinal_leek":11,"minecraft:porkchop":5,"minecraft:andesite":3,"minecraft:bone_meal":3},"minecraft:dropped":{"minecraft:iron_ingot":1,"minecraft:porkchop":6,"minecraft:wheat_seeds":4,"minecraft:andesite_wall":3,"minecraft:feather":2,"minecraft:cobblestone":3,"minecraft:lead":2,"cobblemon:chilan_berry":14,"minecraft:coal":1,"minecraft:emerald":6,"minecraft:stick":8,"minecraft:dirt":28,"cobblemon:apricorn_log":1,"minecraft:light_blue_wool":1,"minecraft:amethyst_shard":8,"minecraft:white_wool":1,"minecraft:acacia_planks":1,"minecraft:gravel":1,"cobblemon:relic_coin":5,"minecraft:cobbled_deepslate":4,"minecraft:raw_copper":47,"minecraft:tuff":2,"cobblemon:white_mint_leaf":3,"minecraft:andesite":4,"minecraft:stone_pickaxe":2},"minecraft:broken":{"minecraft:stone_sword":1},"minecraft:crafted":{"minecraft:oak_planks":16,"cobblemon:apricorn_planks":4,"minecraft:furnace":1,"minecraft:bone_meal":15,"cobblemon:premier_ball":4,"minecraft:cooked_mutton":1,"minecraft:iron_boots":1,"minecraft:stone_pickaxe":1,"minecraft:cooked_beef":1,"minecraft:crafting_table":2,"minecraft:iron_helmet":1,"minecraft:wooden_pickaxe":1,"cobblemon:verdant_ball":4,"minecraft:copper_ingot":25,"minecraft:air":0,"cobblemon:poke_ball":4,"minecraft:iron_chestplate":1,"minecraft:stick":16,"minecraft:iron_ingot":23,"minecraft:iron_pickaxe":1,"minecraft:stone_sword":1,"minecraft:iron_leggings":1,"minecraft:gold_ingot":21,"minecraft:acacia_planks":20,"minecraft:torch":12,"cobblemon:relic_coin_pouch":5}},"DataVersion":3465}