{"stats":{"minecraft:killed_by":{"minecraft:player":1},"minecraft:used":{"minecraft:ladder":1,"minecraft:chest":7,"minecraft:shield":1,"minecraft:iron_sword":116,"minecraft:rotten_flesh":5,"minecraft:mutton":1,"minecraft:lily_of_the_valley":5,"minecraft:milk_bucket":2,"minecraft:stone_brick_stairs":1,"minecraft:stone_bricks":2,"minecraft:mangrove_roots":1,"minecraft:furnace":3,"minecraft:diorite":1,"minecraft:stone_pickaxe":10,"minecraft:oak_planks":12,"minecraft:wooden_pickaxe":13,"minecraft:sandstone":5,"minecraft:clay":17,"minecraft:glow_berries":11,"minecraft:sand":12,"minecraft:red_sandstone":1,"cobblemon:apricorn_log":1,"minecraft:melon_slice":72,"minecraft:bread":30,"minecraft:gravel":1,"cobblemon:medicinal_leek":31,"minecraft:andesite":3,"minecraft:oak_boat":3,"minecraft:bone_meal":68,"minecraft:stone_sword":124,"minecraft:netherrack":3,"minecraft:orange_bed":3,"minecraft:torch":99,"minecraft:brewing_stand":1,"minecraft:dirt":28,"minecraft:granite":1,"minecraft:stone_brick_slab":1,"minecraft:beef":2,"minecraft:cooked_beef":1,"minecraft:cobbled_deepslate":16,"minecraft:orange_terracotta":1,"minecraft:mangrove_boat":1,"minecraft:calcite":2,"minecraft:cooked_mutton":1,"minecraft:water_bucket":4,"minecraft:amethyst_block":1,"minecraft:glass_bottle":3,"minecraft:cracked_stone_bricks":10,"minecraft:crafting_table":9,"cobblemon:white_apricorn_seed":2,"minecraft:oak_log":1,"minecraft:chicken":2,"minecraft:iron_pickaxe":370,"minecraft:cobblestone":55,"minecraft:potion":3,"minecraft:porkchop":7,"minecraft:bucket":5},"minecraft:dropped":{"minecraft:iron_sword":1,"minecraft:porkchop":6,"minecraft:mangrove_planks":4,"minecraft:emerald":6,"minecraft:dirt":31,"minecraft:mutton":1,"minecraft:cut_sandstone":1,"minecraft:amethyst_shard":9,"minecraft:bone_meal":66,"minecraft:sand":1,"minecraft:white_wool":1,"minecraft:gravel":1,"minecraft:cobbled_deepslate":7,"minecraft:wheat":1,"minecraft:obsidian":2,"minecraft:rotten_flesh":1,"minecraft:oak_planks":5,"patchouli:guide_book":1,"cobblemon:white_mint_leaf":3,"cobblemon:rawst_berry":5,"minecraft:beetroot_seeds":4,"minecraft:arrow":3,"minecraft:netherrack":13,"minecraft:iron_ingot":15,"minecraft:wheat_seeds":7,"minecraft:yellow_terracotta":1,"minecraft:feather":2,"minecraft:lead":2,"minecraft:cobblestone":18,"minecraft:andesite_wall":3,"minecraft:coal":1,"cobblemon:chilan_berry":14,"minecraft:stick":12,"cobblemon:apricorn_log":1,"minecraft:light_blue_wool":1,"minecraft:string":1,"minecraft:acacia_planks":2,"cobblemon:relic_coin":15,"minecraft:raw_copper":72,"minecraft:tuff":2,"minecraft:light_gray_wool":1,"minecraft:clay_ball":29,"minecraft:name_tag":1,"minecraft:hay_block":1,"minecraft:andesite":19,"cobblemon:poison_barb":1,"minecraft:sandstone":5,"minecraft:bow":1,"minecraft:stone_pickaxe":2},"minecraft:broken":{"minecraft:stone_sword":1,"minecraft:iron_pickaxe":1},"minecraft:mined":{"minecraft:large_amethyst_bud":3,"minecraft:stone_pressure_plate":1,"cobblemon:big_root":1,"cobblemon:apricorn_log":1,"minecraft:cave_vines_plant":8,"minecraft:budding_amethyst":4,"minecraft:acacia_log":5,"minecraft:grass_block":3,"minecraft:spawner":1,"minecraft:iron_ore":30,"minecraft:fire":1,"cobblemon:medicinal_leek":53,"cobblemon:red_apricorn":2,"cobblemon:white_apricorn_sapling":1,"minecraft:cave_vines":18,"minecraft:orange_bed":3,"minecraft:deepslate_redstone_ore":7,"minecraft:cut_sandstone":7,"cobblemon:rawst_berry":5,"minecraft:medium_amethyst_bud":5,"minecraft:amethyst_cluster":2,"cobblemon:apricorn_leaves":23,"minecraft:clay":32,"minecraft:torch":8,"minecraft:calcite":2,"minecraft:melon":2,"minecraft:chest":6,"minecraft:dead_bush":1,"cobblemon:pinap_berry":2,"minecraft:cobblestone":11,"minecraft:wall_torch":2,"minecraft:amethyst_block":20,"minecraft:stone_stairs":1,"minecraft:wheat":8,"minecraft:tnt":9,"cobblemon:persim_berry":1,"minecraft:stone_brick_stairs":1,"minecraft:grass":33,"minecraft:oak_log":18,"minecraft:beetroots":4,"minecraft:sand":38,"minecraft:dirt":26,"minecraft:mangrove_log":3,"minecraft:smooth_basalt":1,"minecraft:oak_leaves":20,"minecraft:deepslate":38,"minecraft:suspicious_gravel":3,"minecraft:yellow_terracotta":1,"minecraft:diamond_ore":4,"minecraft:mangrove_roots":1,"cobblemon:cheri_berry":1,"cobblemon:nanab_berry":1,"minecraft:ladder":1,"minecraft:moss_block":4,"minecraft:sandstone":26,"minecraft:hay_block":33,"minecraft:furnace":1,"minecraft:chiseled_sandstone":1,"minecraft:andesite":14,"minecraft:gold_block":2,"minecraft:deepslate_iron_ore":1,"minecraft:cobblestone_slab":1,"cobblemon:green_apricorn":1,"minecraft:stone":79,"minecraft:acacia_leaves":1,"minecraft:lily_of_the_valley":6,"minecraft:stone_brick_slab":1,"minecraft:crafting_table":5,"minecraft:andesite_wall":3,"minecraft:tall_grass":4,"minecraft:copper_ore":2,"minecraft:deepslate_gold_ore":3,"cobblemon:chilan_berry":1,"cobblemon:oran_berry":1,"minecraft:diorite":5,"cobblemon:relic_coin_pouch":2,"minecraft:birch_leaves":4,"minecraft:coal_ore":3,"minecraft:gravel":1,"minecraft:cracked_stone_bricks":13,"minecraft:acacia_planks":2,"minecraft:stone_bricks":2},"minecraft:custom":{"minecraft:interact_with_crafting_table":70,"minecraft:leave_game":19,"minecraft:time_since_death":84168,"minecraft:sprint_one_cm":578929,"minecraft:damage_blocked_by_shield":35,"minecraft:drop":112,"minecraft:talked_to_villager":3,"minecraft:play_time":287284,"minecraft:deaths":1,"minecraft:jump":5018,"minecraft:interact_with_brewingstand":2,"minecraft:walk_on_water_one_cm":39883,"minecraft:interact_with_furnace":92,"minecraft:sleep_in_bed":3,"minecraft:damage_dealt":10719,"minecraft:player_kills":1,"minecraft:crouch_one_cm":42397,"minecraft:horse_one_cm":50828,"minecraft:interact_with_smithing_table":1,"minecraft:mob_kills":54,"minecraft:climb_one_cm":2816,"minecraft:walk_one_cm":631380,"minecraft:sneak_time":15211,"minecraft:walk_under_water_one_cm":33392,"minecraft:boat_one_cm":850389,"minecraft:total_world_time":287284,"minecraft:time_since_rest":84193,"minecraft:damage_taken":2602,"minecraft:swim_one_cm":71243,"minecraft:fly_one_cm":1034749,"minecraft:open_chest":102,"minecraft:fall_one_cm":144723},"minecraft:picked_up":{"minecraft:iron_chestplate":1,"minecraft:wheat":1,"cobblemon:red_apricorn":8,"minecraft:lead":6,"cobblemon:charti_berry":3,"minecraft:stone_brick_stairs":1,"minecraft:brewing_stand":2,"minecraft:amethyst_block":20,"minecraft:string":5,"cobblemon:occa_berry":2,"minecraft:raw_copper":142,"minecraft:iron_leggings":1,"minecraft:cobbled_deepslate":23,"cobblemon:white_apricorn_seed":3,"cobblemon:oran_berry":101,"minecraft:calcite":2,"minecraft:iron_pickaxe":2,"cobblemon:big_root":1,"minecraft:melon_slice":72,"minecraft:mangrove_log":3,"minecraft:iron_boots":1,"minecraft:furnace":1,"minecraft:stick":15,"cobblemon:apricorn_log":3,"minecraft:torch":86,"minecraft:acacia_log":5,"minecraft:porkchop":13,"minecraft:diorite":3,"minecraft:orange_bed":3,"minecraft:andesite_wall":3,"minecraft:rotten_flesh":11,"minecraft:light_blue_wool":1,"minecraft:mangrove_roots":1,"minecraft:obsidian":2,"cobblemon:verdant_ball":5,"minecraft:cobblestone":113,"minecraft:feather":3,"minecraft:andesite":22,"cobblemon:pinap_berry":11,"minecraft:tuff":2,"cobblemon:protector":1,"minecraft:dirt":60,"megamons:anistarite_geode_block":11,"minecraft:bone":6,"minecraft:acacia_planks":2,"minecraft:bow":3,"cobblemon:black_apricorn":3,"minecraft:wheat_seeds":17,"minecraft:raw_gold":8,"minecraft:rabbit":1,"cobblemon:moon_stone":2,"minecraft:moss_block":1,"cobblemon:poison_barb":1,"cobblemon:sun_stone":2,"patchouli:guide_book":3,"cobblemon:pecha_berry":29,"minecraft:sand":43,"cobblemon:persim_berry":39,"minecraft:lily_of_the_valley":6,"minecraft:diamond":14,"cobblemon:poke_ball":11,"minecraft:granite":1,"minecraft:bone_meal":66,"minecraft:golden_apple":4,"minecraft:bread":62,"minecraft:emerald":6,"cobblemon:medicinal_leek":75,"cobblemon:chesto_berry":5,"minecraft:netherrack":16,"minecraft:diamond_pickaxe":1,"minecraft:crafting_table":6,"minecraft:chicken":2,"minecraft:ladder":1,"minecraft:clay_ball":105,"cobblemon:yellow_apricorn":1,"minecraft:gold_block":2,"minecraft:shield":1,"cobblemon:cyan_mint_seeds":1,"cobblemon:lum_berry":2,"minecraft:iron_axe":1,"cobblemon:white_mint_leaf":6,"cobblemon:white_apricorn":8,"minecraft:cracked_stone_bricks":10,"cobblemon:green_apricorn":8,"minecraft:beef":15,"cobblemon:relic_coin":60,"minecraft:oak_boat":3,"minecraft:iron_nugget":19,"minecraft:light_gray_wool":1,"minecraft:chest":4,"minecraft:sandstone":13,"minecraft:raw_iron":41,"minecraft:copper_ingot":16,"cobblemon:rawst_berry":23,"minecraft:redstone":31,"minecraft:stone_pressure_plate":1,"minecraft:tnt":16,"minecraft:arrow":8,"minecraft:beetroot_seeds":4,"minecraft:hay_block":34,"minecraft:yellow_terracotta":1,"minecraft:saddle":1,"minecraft:gold_ingot":36,"minecraft:glow_berries":11,"minecraft:mutton":8,"cobblemon:blue_apricorn":24,"minecraft:white_wool":5,"minecraft:clock":1,"minecraft:leather":15,"minecraft:cut_sandstone":1,"cobblemon:slate_ball":13,"minecraft:oak_log":18,"cobblemon:pink_apricorn_seed":1,"minecraft:orange_terracotta":1,"minecraft:mangrove_boat":2,"minecraft:stone_bricks":2,"minecraft:red_sandstone":1,"minecraft:rabbit_hide":1,"minecraft:iron_ingot":20,"minecraft:stone_pickaxe":1,"minecraft:iron_sword":2,"cobblemon:chilan_berry":28,"cobblemon:azure_ball":36,"minecraft:sweet_berries":3,"minecraft:stone_brick_slab":1,"cobblemon:black_apricorn_seed":1,"minecraft:gravel":2,"cobblemon:premier_ball":6,"minecraft:amethyst_shard":21,"cobblemon:pink_apricorn":1,"minecraft:iron_helmet":1,"minecraft:coal":18,"minecraft:ender_pearl":2},"minecraft:killed":{"minecraft:spider":2,"minecraft:dolphin":1,"minecraft:skeleton":5,"minecraft:chicken":1,"minecraft:pig":1,"minecraft:iron_golem":1,"minecraft:creeper":1,"minecraft:sheep":5,"minecraft:trader_llama":2,"minecraft:zombie":9,"minecraft:cow":7,"minecraft:drowned":1,"minecraft:husk":1,"cobblemon:pokemon":13,"minecraft:wandering_trader":1,"minecraft:player":1,"minecraft:enderman":2},"minecraft:crafted":{"minecraft:oak_planks":68,"cobblemon:slate_ball":8,"cobblemon:apricorn_planks":4,"minecraft:mangrove_boat":1,"minecraft:cooked_mutton":1,"minecraft:glass":18,"minecraft:iron_boots":1,"minecraft:chest":3,"cobblemon:azure_ball":20,"minecraft:glass_bottle":3,"minecraft:wooden_shovel":1,"minecraft:crafting_table":3,"cobblemon:verdant_ball":4,"minecraft:wooden_pickaxe":1,"minecraft:iron_helmet":1,"minecraft:copper_ingot":31,"cobblemon:poke_ball":4,"minecraft:iron_chestplate":1,"minecraft:shield":1,"minecraft:stick":20,"minecraft:iron_pickaxe":2,"minecraft:iron_ingot":37,"minecraft:stone_sword":1,"minecraft:gold_ingot":21,"minecraft:furnace":2,"minecraft:bone_meal":105,"cobblemon:premier_ball":8,"travelersbackpack:white_sleeping_bag":1,"minecraft:stone_pickaxe":1,"minecraft:wheat":297,"minecraft:cooked_beef":1,"travelersbackpack:backpack_tank":1,"minecraft:iron_sword":1,"minecraft:mangrove_planks":12,"minecraft:bucket":1,"minecraft:bread":99,"minecraft:air":0,"minecraft:iron_leggings":1,"minecraft:acacia_planks":20,"minecraft:torch":12,"cobblemon:relic_coin_pouch":5,"minecraft:clay":17}},"DataVersion":3465}