{"stats":{"minecraft:killed":{"minecraft:spider":1,"minecraft:dolphin":1,"minecraft:skeleton":3,"minecraft:chicken":1,"minecraft:drowned":1,"minecraft:pig":1,"cobblemon:pokemon":8,"minecraft:iron_golem":1,"minecraft:wandering_trader":1,"minecraft:creeper":1,"minecraft:trader_llama":2,"minecraft:zombie":9,"minecraft:player":1,"minecraft:enderman":1,"minecraft:cow":1},"minecraft:custom":{"minecraft:interact_with_smithing_table":1,"minecraft:mob_kills":33,"minecraft:interact_with_crafting_table":54,"minecraft:time_since_death":5806,"minecraft:leave_game":8,"minecraft:climb_one_cm":2582,"minecraft:sprint_one_cm":397282,"minecraft:walk_one_cm":445462,"minecraft:drop":97,"minecraft:talked_to_villager":3,"minecraft:deaths":1,"minecraft:play_time":208922,"minecraft:sneak_time":11994,"minecraft:walk_under_water_one_cm":32619,"minecraft:boat_one_cm":850389,"minecraft:jump":3772,"minecraft:walk_on_water_one_cm":34123,"minecraft:total_world_time":208922,"minecraft:interact_with_furnace":63,"minecraft:sleep_in_bed":3,"minecraft:time_since_rest":5831,"minecraft:damage_taken":2095,"minecraft:damage_dealt":7059,"minecraft:player_kills":1,"minecraft:swim_one_cm":68987,"minecraft:fly_one_cm":783603,"minecraft:open_chest":76,"minecraft:crouch_one_cm":32677,"minecraft:fall_one_cm":107512,"minecraft:horse_one_cm":38063},"minecraft:mined":{"minecraft:yellow_terracotta":1,"minecraft:diamond_ore":4,"minecraft:large_amethyst_bud":3,"minecraft:stone_pressure_plate":1,"minecraft:mangrove_roots":1,"minecraft:ladder":1,"cobblemon:apricorn_log":1,"cobblemon:big_root":1,"cobblemon:cheri_berry":1,"cobblemon:nanab_berry":1,"minecraft:cave_vines_plant":8,"minecraft:budding_amethyst":4,"minecraft:acacia_log":5,"minecraft:moss_block":4,"minecraft:sandstone":8,"minecraft:spawner":1,"minecraft:hay_block":33,"minecraft:furnace":1,"minecraft:iron_ore":30,"minecraft:fire":1,"minecraft:chiseled_sandstone":1,"minecraft:andesite":14,"cobblemon:medicinal_leek":33,"minecraft:gold_block":2,"cobblemon:red_apricorn":2,"minecraft:deepslate_iron_ore":1,"minecraft:cave_vines":18,"minecraft:cobblestone_slab":1,"cobblemon:green_apricorn":1,"minecraft:stone":65,"minecraft:orange_bed":3,"minecraft:deepslate_redstone_ore":7,"minecraft:cut_sandstone":7,"minecraft:acacia_leaves":1,"cobblemon:rawst_berry":5,"minecraft:medium_amethyst_bud":5,"minecraft:amethyst_cluster":2,"minecraft:stone_brick_slab":1,"minecraft:torch":8,"minecraft:crafting_table":5,"minecraft:clay":32,"cobblemon:apricorn_leaves":23,"minecraft:calcite":2,"minecraft:melon":2,"minecraft:dead_bush":1,"minecraft:andesite_wall":3,"minecraft:tall_grass":4,"cobblemon:pinap_berry":2,"minecraft:copper_ore":2,"minecraft:cobblestone":11,"minecraft:deepslate_gold_ore":3,"cobblemon:chilan_berry":1,"cobblemon:oran_berry":1,"minecraft:diorite":5,"cobblemon:relic_coin_pouch":2,"minecraft:wall_torch":2,"minecraft:amethyst_block":20,"minecraft:stone_stairs":1,"minecraft:wheat":8,"minecraft:birch_leaves":4,"minecraft:tnt":9,"cobblemon:persim_berry":1,"minecraft:stone_brick_stairs":1,"minecraft:grass":26,"minecraft:oak_log":4,"minecraft:coal_ore":3,"minecraft:beetroots":4,"minecraft:gravel":1,"minecraft:dirt":21,"minecraft:mangrove_log":3,"minecraft:smooth_basalt":1,"minecraft:cracked_stone_bricks":13,"minecraft:acacia_planks":1,"minecraft:stone_bricks":2,"minecraft:oak_leaves":4,"minecraft:deepslate":38,"minecraft:suspicious_gravel":3},"minecraft:picked_up":{"minecraft:iron_chestplate":1,"minecraft:wheat":1,"minecraft:crafting_table":6,"minecraft:chicken":2,"minecraft:ladder":1,"minecraft:clay_ball":104,"cobblemon:yellow_apricorn":1,"minecraft:lead":6,"cobblemon:red_apricorn":4,"cobblemon:charti_berry":3,"minecraft:gold_block":2,"minecraft:iron_leggings":1,"minecraft:stone_brick_stairs":1,"minecraft:brewing_stand":2,"cobblemon:cyan_mint_seeds":1,"minecraft:shield":1,"minecraft:amethyst_block":20,"cobblemon:occa_berry":2,"minecraft:string":4,"minecraft:raw_copper":117,"minecraft:iron_axe":1,"cobblemon:white_mint_leaf":6,"cobblemon:white_apricorn":8,"minecraft:cracked_stone_bricks":10,"minecraft:cobbled_deepslate":23,"cobblemon:green_apricorn":8,"cobblemon:white_apricorn_seed":2,"minecraft:beef":2,"minecraft:oak_boat":3,"cobblemon:oran_berry":64,"cobblemon:relic_coin":60,"minecraft:calcite":2,"minecraft:iron_nugget":19,"minecraft:iron_pickaxe":2,"cobblemon:big_root":1,"minecraft:melon_slice":72,"minecraft:chest":2,"minecraft:iron_boots":1,"minecraft:mangrove_log":3,"minecraft:furnace":1,"minecraft:stick":15,"minecraft:raw_iron":41,"minecraft:sandstone":6,"cobblemon:apricorn_log":3,"minecraft:copper_ingot":16,"minecraft:torch":86,"minecraft:acacia_log":5,"minecraft:porkchop":13,"cobblemon:rawst_berry":23,"minecraft:diorite":3,"minecraft:redstone":31,"minecraft:stone_pressure_plate":1,"minecraft:orange_bed":3,"minecraft:tnt":16,"minecraft:andesite_wall":3,"minecraft:arrow":2,"minecraft:rotten_flesh":5,"minecraft:light_blue_wool":1,"minecraft:beetroot_seeds":4,"minecraft:hay_block":34,"minecraft:yellow_terracotta":1,"minecraft:saddle":1,"minecraft:mangrove_roots":1,"minecraft:gold_ingot":36,"minecraft:glow_berries":11,"minecraft:mutton":1,"minecraft:obsidian":2,"cobblemon:verdant_ball":5,"cobblemon:blue_apricorn":22,"minecraft:white_wool":1,"minecraft:cobblestone":99,"minecraft:feather":3,"minecraft:clock":1,"minecraft:andesite":22,"minecraft:cut_sandstone":1,"minecraft:leather":8,"cobblemon:pinap_berry":11,"minecraft:oak_log":4,"minecraft:tuff":2,"cobblemon:slate_ball":11,"megamons:anistarite_geode_block":11,"minecraft:dirt":50,"cobblemon:pink_apricorn_seed":1,"minecraft:orange_terracotta":1,"minecraft:mangrove_boat":2,"minecraft:bone":3,"minecraft:acacia_planks":1,"minecraft:stone_bricks":2,"minecraft:bow":3,"minecraft:red_sandstone":1,"minecraft:wheat_seeds":17,"minecraft:raw_gold":8,"minecraft:rabbit_hide":1,"minecraft:stone_pickaxe":1,"minecraft:iron_ingot":20,"minecraft:rabbit":1,"cobblemon:moon_stone":2,"minecraft:moss_block":1,"cobblemon:poison_barb":1,"minecraft:iron_sword":2,"cobblemon:chilan_berry":28,"cobblemon:sun_stone":2,"cobblemon:azure_ball":21,"patchouli:guide_book":3,"minecraft:stone_brick_slab":1,"cobblemon:black_apricorn_seed":1,"minecraft:gravel":2,"cobblemon:premier_ball":5,"minecraft:sand":5,"minecraft:amethyst_shard":21,"cobblemon:persim_berry":25,"minecraft:diamond":14,"cobblemon:poke_ball":11,"minecraft:iron_helmet":1,"minecraft:granite":1,"minecraft:bone_meal":58,"minecraft:golden_apple":4,"minecraft:bread":62,"minecraft:emerald":6,"minecraft:netherrack":16,"cobblemon:medicinal_leek":41,"cobblemon:chesto_berry":5,"minecraft:coal":18,"minecraft:diamond_pickaxe":1,"minecraft:ender_pearl":2},"minecraft:used":{"minecraft:stone_sword":124,"minecraft:ladder":1,"minecraft:netherrack":3,"minecraft:chest":2,"minecraft:iron_sword":38,"minecraft:rotten_flesh":5,"minecraft:orange_bed":3,"minecraft:torch":99,"minecraft:brewing_stand":1,"minecraft:dirt":22,"minecraft:mutton":1,"minecraft:granite":1,"minecraft:stone_brick_slab":1,"minecraft:stone_bricks":2,"minecraft:stone_brick_stairs":1,"minecraft:beef":2,"minecraft:mangrove_roots":1,"minecraft:furnace":2,"minecraft:cooked_beef":1,"minecraft:cobbled_deepslate":16,"minecraft:orange_terracotta":1,"minecraft:mangrove_boat":1,"minecraft:calcite":2,"minecraft:cooked_mutton":1,"minecraft:diorite":1,"minecraft:amethyst_block":1,"minecraft:stone_pickaxe":10,"minecraft:oak_planks":12,"minecraft:wooden_pickaxe":13,"minecraft:clay":17,"minecraft:cracked_stone_bricks":10,"minecraft:glow_berries":11,"minecraft:sand":4,"minecraft:crafting_table":8,"cobblemon:white_apricorn_seed":1,"minecraft:red_sandstone":1,"cobblemon:apricorn_log":1,"minecraft:bread":12,"minecraft:chicken":2,"minecraft:melon_slice":72,"minecraft:iron_pickaxe":336,"minecraft:gravel":1,"minecraft:cobblestone":55,"cobblemon:medicinal_leek":31,"minecraft:porkchop":7,"minecraft:andesite":3,"minecraft:oak_boat":3,"minecraft:bone_meal":67},"minecraft:killed_by":{"minecraft:player":1},"minecraft:dropped":{"minecraft:iron_ingot":15,"minecraft:iron_sword":1,"minecraft:porkchop":6,"minecraft:wheat_seeds":7,"minecraft:yellow_terracotta":1,"minecraft:feather":2,"minecraft:lead":2,"minecraft:cobblestone":12,"minecraft:andesite_wall":3,"minecraft:mangrove_planks":4,"cobblemon:chilan_berry":14,"minecraft:coal":1,"minecraft:stick":12,"minecraft:emerald":6,"minecraft:dirt":28,"cobblemon:apricorn_log":1,"minecraft:light_blue_wool":1,"minecraft:cut_sandstone":1,"minecraft:bone_meal":58,"minecraft:amethyst_shard":9,"minecraft:sand":1,"minecraft:white_wool":1,"minecraft:acacia_planks":1,"minecraft:gravel":1,"cobblemon:relic_coin":15,"minecraft:cobbled_deepslate":7,"minecraft:raw_copper":47,"minecraft:tuff":2,"minecraft:wheat":1,"minecraft:obsidian":2,"minecraft:clay_ball":28,"minecraft:name_tag":1,"cobblemon:white_mint_leaf":3,"patchouli:guide_book":1,"minecraft:hay_block":1,"cobblemon:rawst_berry":5,"minecraft:andesite":19,"cobblemon:poison_barb":1,"minecraft:sandstone":5,"minecraft:bow":1,"minecraft:stone_pickaxe":2,"minecraft:netherrack":13},"minecraft:broken":{"minecraft:stone_sword":1,"minecraft:iron_pickaxe":1},"minecraft:crafted":{"minecraft:oak_planks":16,"cobblemon:slate_ball":8,"cobblemon:apricorn_planks":4,"minecraft:furnace":1,"minecraft:mangrove_boat":1,"minecraft:bone_meal":96,"cobblemon:premier_ball":8,"minecraft:cooked_mutton":1,"minecraft:iron_boots":1,"minecraft:stone_pickaxe":1,"cobblemon:azure_ball":20,"minecraft:wheat":297,"minecraft:cooked_beef":1,"minecraft:wooden_shovel":1,"minecraft:crafting_table":2,"minecraft:wooden_pickaxe":1,"cobblemon:verdant_ball":4,"minecraft:iron_helmet":1,"minecraft:iron_sword":1,"minecraft:copper_ingot":25,"minecraft:mangrove_planks":12,"minecraft:bread":99,"minecraft:air":0,"cobblemon:poke_ball":4,"minecraft:iron_chestplate":1,"minecraft:stick":20,"minecraft:iron_ingot":36,"minecraft:iron_pickaxe":2,"minecraft:stone_sword":1,"minecraft:iron_leggings":1,"minecraft:gold_ingot":21,"minecraft:acacia_planks":20,"minecraft:torch":12,"cobblemon:relic_coin_pouch":5,"minecraft:clay":17}},"DataVersion":3465}