{
    "target": "cobblemon:corsola",
    "behaviour": {
        "resting": {
            "canSleep": true,
            "depth": "normal",
            "light": "0-4"
        },
        "moving": {
            "canLook": false,
            "walk": {
                "walkSpeed": 0.175,
                "canWalk": true,
                "avoidsLand": false
            },
            "swim": {
                "swimSpeed": 0.1,
                "canSwimInWater": true,
                "canBreatheUnderwater": true
            }
        }
    },
    "forms": [
        {
            "name": "galarian",
            "primaryType": "ghost",
					"aspects": [
			"galarian"
		],
            "evolutions": [
                {
                    "id": "corsola_cursola",
                    "variant": "level_up",
                    "result": "cursola",
                    "consumeHeldItem": false,
                    "learnableMoves": [],
                    "requirements": [
                        {
                            "variant": "level",
                            "minLevel": 38
                        }
                    ]
                }
            ]
        }
    ],
    "baseScale": 0.6,
    "hitbox": {
        "width": 0.5,
        "height": 0.8,
        "fixed": false
    },
	"features": ["galarian"]
}