{
  "uuid": "f0e698e8-7cea-429c-be0a-1e05dfc3bcb5",
  "starterPrompted": true,
  "starterLocked": false,
  "starterSelected": true,
  "starterUUID": "d10b591b-1ae1-4639-8812-059290bb337b",
  "keyItems": [],
  "battleTheme": "cobblemon:battle.pvp.default",
  "extraData": {},
  "advancementData": {
    "totalCaptureCount": 5,
    "totalEggsHatched": 0,
    "totalEvolvedCount": 1,
    "totalBattleVictoryCount": 4,
    "totalPvPBattleVictoryCount": 0,
    "totalPvWBattleVictoryCount": 4,
    "totalPvNBattleVictoryCount": 0,
    "totalShinyCaptureCount": 0,
    "totalTradedCount": 3,
    "totalTypeCaptureCounts": {
      "grass": 1,
      "poison": 1,
      "bug": 2,
      "steel": 1,
      "flying": 1,
      "water": 1,
      "dark": 1,
      "fire": 1
    },
    "totalDefeatedCounts": {
      "cobblemon:gyarados": 1,
      "cobblemon:mrmime": 1,
      "cobblemon:cacturne": 1
    },
    "aspectsCollected": {}
  }
}